user_id,username,password_hash,category,algorithm
1,raymond79,c6d3e16fc248a48dc346e728d42d4536,passphrase,md5
2,nblackwell,5efeede6b910a428ede69de1e1f64bef,strong,md5
3,cherylroberts,e00915d379a17253f69331fd117b7d42,random,md5
4,vcobb,3926a7f438fa938d452a1d2f08b249d0,random,md5
5,jose49,84b37acb2bec3ec30c39a416738fa03b,strong,md5
6,carrie43,601a19e95a4f7c25a5dd68bda663de77,medium,md5
7,cclark,e37cb84a614727b0ad7ad1e172d255fe,passphrase,md5
8,haleymcmillan,db32300c9490782e4ef7177a2f3d0724,passphrase,md5
9,olsonsherri,c1eca9fc379900b2607ff0905e95d126,strong,md5
10,martinezmelinda,20833888309c80eef17070b3744a0def,strong,md5
11,vnichols,898b801bb906469a96c61c741623ceae,random,md5
12,brentjohnson,153ab82b8d99d2541f45beae7646970e,strong,md5
13,nsmith,6cc9c41c77135abd332f91a79e2e48a2,medium,md5
14,bgarcia,a4b3b69aaf66b9c9bd3fb30559bbd40d,medium,md5
15,pclark,e1fc122f70c4da1e7d0a430254a4b57e,random,md5
16,david92,3eec5254eb77334fcfb247f0a8d50df7,passphrase,md5
17,cynthiamyers,04f46875053fbff24ba74978555860d0,passphrase,md5
18,xsummers,0192023a7bbd73250516f069df18b500,weak,md5
19,kathryn69,eb1282518ca2533f89ec961b327e7ab1,medium,md5
20,osolis,9c58c1bf839930e6fec80d3dee48c04e,medium,md5
21,paul97,4db56e6b8d095c08a20e87f6b645f475,strong,md5
22,cynthia45,ecb4a27a70b51f6a65f05be95201d029,strong,md5
23,philip95,3b3a66d346e0d795a6897fd720d555b7,passphrase,md5
24,juliebutler,0192023a7bbd73250516f069df18b500,weak,md5
25,annette99,8adc2eb83b29d5422e4f9b22be30c8c7,random,md5
26,diamond89,1a88d6da24f9cb734b20d17d6628eb74,medium,md5
27,ryanphilip,27a96adb53f1f00116ceaddfdff1ce6a,random,md5
28,ramosrebecca,4116d316058ee0f76e3cd4622a708d0c,medium,md5
29,katrinaking,3fc0a7acf087f549ac2b266baf94b8b1,weak,md5
30,jesus59,e1624adb0b9f0423b5b66bc91d03ac55,random,md5
31,polson,17b13ced49cbbb35d6eb21b912fb7d9b,strong,md5
32,jorge90,f1b6b8e4d9a05684559c5a5fedcfb9ba,medium,md5
33,millerleslie,bc530a92ffe629af95d9720d2d26ac18,random,md5
34,omiller,de807e56228653d4eaa0ca765dcb660d,strong,md5
35,leslie87,0192023a7bbd73250516f069df18b500,weak,md5
36,mgreen,35d0d07668ea02d2a70aeef735801130,random,md5
37,patricialindsey,0a0b542e80b78be77152f039e376b508,passphrase,md5
38,christophercharles,30d520de61bd032ebe9e65dd00b7ab71,random,md5
39,christensenandrea,e004d7962fcd728af38e8274754891f3,random,md5
40,brocha,a753f5473e3c89c6e6d17fa402a1dcf0,passphrase,md5
41,ronald39,44539f8aa5ff82b803160b9c92ec3dc1,random,md5
42,julie58,e55935c0f1e6b384669fdbc023bd5900,passphrase,md5
43,hannah72,a4b3b69aaf66b9c9bd3fb30559bbd40d,medium,md5
44,ohuang,dba6427564a6a062c214499008dbb38d,passphrase,md5
45,anita52,024a3aa012a84eda3d157c6e2360c76b,random,md5
46,george02,a1203949ce1e5411cba4b1eaee9364bb,passphrase,md5
47,zlee,76779ea2b1065bfc456ba7ba43c72f45,random,md5
48,eric99,17ae0a3cc6c19b8f218287add67e2777,random,md5
49,awilson,5be2ce79e985531234299e1f2d04bbfb,random,md5
50,lisa75,9cc4f393fc808bd938f5551d4191d49a,weak,md5
51,lauragonzalez,863ae7c1af4a4d43732a1e63c52e537a,passphrase,md5
52,ufuller,57f80f9713ef61ffa9b8cecb67430738,passphrase,md5
53,gregoryreid,0a5e657b74a7a0410b5737bc009913e6,medium,md5
54,goldensherry,330e5a459f85ac6f840e90aba726df51,strong,md5
55,fitzgeraldmitchell,28bb907be6fa50fc595e7c3c23a8c1fa,medium,md5
56,gregorycordova,775bb7589a866f7709b6a1548ae91f84,strong,md5
57,brettthompson,c28a255f989a04150ebc6ba80e3caf31,medium,md5
58,smithshannon,8a10c3c567c956ca766601a7d9191ed4,medium,md5
59,ydaniels,789d45a5bb984c343f2aa0b31afcc1ab,strong,md5
60,mhuynh,83100e5fdefc3cf6d37fa9e72ff8d410,passphrase,md5
61,gardneramanda,8f51cf67ee00b4cc8352b07c566b9447,passphrase,md5
62,zimmermansherri,9cc4f393fc808bd938f5551d4191d49a,weak,md5
63,bcook,2077621e53609ee542bc84cadd55ea16,medium,md5
64,ebrown,483326584d09cb816acecfef9c2e37cf,strong,md5
65,qthomas,482c811da5d5b4bc6d497ffa98491e38,weak,md5
66,charris,e3382415bcd473767b8669451bded760,strong,md5
67,johnanthony,33219f6410c97f70c467358649c006d8,strong,md5
68,hughesdonald,1d61ee176bf41efe6ebe796e7256f86a,passphrase,md5
69,sjohnson,9cc4f393fc808bd938f5551d4191d49a,weak,md5
70,nglover,7f0c900006a25c41a5bf4a79b3a5cfbd,passphrase,md5
71,walkerjames,460d5c2b0530320fc8a5c04e2834c4a2,medium,md5
72,hernandezjennifer,06f55b69338c91546a9cfaec567fa05b,random,md5
73,henrycarpenter,105e14c2c795cf854b0c4d4bc0307e92,passphrase,md5
74,thomas06,855a8752a20fefe7edd3ae8dbf919407,random,md5
75,markmiller,efdc4596fbb6a7b4db6352ec151b43ac,strong,md5
76,ywoods,c8778d2afa26fff5925497c380eb9a8f,strong,md5
77,richardsonscott,2ae76a7d5a70147a1986ed0ff98805a3,random,md5
78,ndunlap,c98fa624bd2913b1e24082a80167b6f8,medium,md5
79,markclarke,65ef5a0b0a217e1d1c40223f6c827035,passphrase,md5
80,pdelgado,d9519d25f14317f9af987a0877a4895e,passphrase,md5
81,thompsonbrenda,1c4c73a58fdcd224b052ab3de65cceaf,medium,md5
82,jessecamacho,ba5f153269cf59b5b96279b94a495e6b,medium,md5
83,sarah55,0192023a7bbd73250516f069df18b500,weak,md5
84,lopezdaniel,74325dba618754d904ca02f2b19e4999,medium,md5
85,cartersusan,55accef1e0c404bd04f538518273855a,passphrase,md5
86,michael51,e10adc3949ba59abbe56e057f20f883e,weak,md5
87,annesimpson,590e4b74d85e57b0f48bf618b2f0e884,random,md5
88,daniellekline,0192023a7bbd73250516f069df18b500,weak,md5
89,ashleypage,1d44c67f9b2d9d8149f5f5da299caf20,passphrase,md5
90,owhite,07b3754ca17234af60209ea9c4edf59e,medium,md5
91,zbutler,5f4dcc3b5aa765d61d8327deb882cf99,weak,md5
92,jackflores,01cd69dc07a22c9a284066cb68292c84,random,md5
93,mkramer,c261e8e0088ba6ef99ff2948c1cb0c15,passphrase,md5
94,campbellmichelle,0192023a7bbd73250516f069df18b500,weak,md5
95,phamstephen,44ee6a9079fd4c74e1ef6ca736071b00,passphrase,md5
96,waltersjacqueline,cfe9521220c41138406e8c0d2bafcc81,strong,md5
97,margarethoward,daa3f897056f9d3f743e9a8f2295d544,medium,md5
98,washingtonaustin,d5d1d3b2ac20d4a9c6159193be09dc02,medium,md5
99,julie91,bcddcd86861d960166040277c0acb73b,passphrase,md5
100,sydneygriffin,f427df72884a2bf446e7e6c9532d4c62,medium,md5
101,katherinesimmons,9549be7aed2055003b64c1eea66535fe,random,md5
102,stonejuan,5f4dcc3b5aa765d61d8327deb882cf99,weak,md5
103,michaela50,ef12538cb9cce1bdfcfbe7f323eb725e,strong,md5
104,sherry03,3fc0a7acf087f549ac2b266baf94b8b1,weak,md5
105,sarah43,6d83ad9286aaf7f20d564a793f242c03,medium,md5
106,chandlerbrittany,0192023a7bbd73250516f069df18b500,weak,md5
107,williamsonvalerie,50f0cc049f31d949e320abeac4bec0ca,strong,md5
108,rogersamy,39e501d9fbd3376b57c7d3880009a17e,random,md5
109,megan56,be3fb7158efe070222a2a8c8a67908fe,strong,md5
110,cory49,779196f12784be5a03070e01f7241f00,random,md5
111,watkinsmolly,fd263123b417bfe3bb8814f9e0b7e821,passphrase,md5
112,uli,ad0c5ed3bfeb7e3368b998f59b3aa4a1,passphrase,md5
113,collinsleon,5840635cff8efee81270eb91f2ef7ae9,strong,md5
114,egonzalez,482c811da5d5b4bc6d497ffa98491e38,weak,md5
115,jacksonthomas,5f4dcc3b5aa765d61d8327deb882cf99,weak,md5
116,joshua07,e10adc3949ba59abbe56e057f20f883e,weak,md5
117,williamroberts,635064a7ab758f80a152ab034bf6ed66,random,md5
118,grace28,0192023a7bbd73250516f069df18b500,weak,md5
119,dwhite,9639dda30265cef239deafc621d8d434,passphrase,md5
120,trevor96,add2700d30b65b2037e4f81d9cb96ab0,random,md5
121,jonesbrittany,6d1bb132dbb5084a3fceeaae6295da73,strong,md5
122,jroberts,fa5c82d7335f93489daaa002e8be88d4,medium,md5
123,omiller,547cdb10a1bc276e0268b346c2786652,random,md5
124,dawngarcia,5f4dcc3b5aa765d61d8327deb882cf99,weak,md5
125,landersen,fca27b526ee4c9f4df5c3cdd1cc1cc3e,medium,md5
126,simsnicole,52a467fe7629adb53a2c2f933ccf74c4,strong,md5
127,thomasjohn,28891e01e301da6f58ea1c9904f516ae,medium,md5
128,mpalmer,51f3f0e12b0713578c1e2bc24dbf2c3e,strong,md5
129,katelyn61,cdf0400051c6a57623a5172b89a33cda,strong,md5
130,patrick94,e6bfe79528e746c3b70abe23a449e4df,strong,md5
131,robinsonjay,27c03a6f29571c243872d654bacf0351,medium,md5
132,tgallagher,8430e47b77466799c4cafa976ce264fb,strong,md5
133,sharon43,fe07ad3ba358f32ecbeaf7c9c95c9313,strong,md5
134,raygabrielle,d9bcd6da15ee51a3c218f2ed9c2e66f0,passphrase,md5
135,gordondavid,ddafc20519e6bfce332ce3d8ae7db0bf,passphrase,md5
136,scott65,a2719e11615901b2e86662fd574ff2f3,medium,md5
137,kimberly15,f341b442a0c6c9b097b36d54a6b28926,strong,md5
138,jeffrey40,06840f121ca5ef64b45ae826df222f0f,random,md5
139,robert48,d8034ae792ff44e7c4807967df4faeea,strong,md5
140,sullivanjoshua,4dcb584981d0d911de896c83b957901e,medium,md5
141,wglass,9f5d8144e3064b2b722cfc9865a89fc2,medium,md5
142,walkerlisa,5f3a1cfe87c0631f825fcaa57c797f9a,medium,md5
143,susanlee,186845889c61563cd596771adaf7f025,medium,md5
144,crystalmartinez,e10adc3949ba59abbe56e057f20f883e,weak,md5
145,xgreen,575029e407f5dabc21f9a75d3a579437,passphrase,md5
146,mbolton,ee82343431a44f4070a9fc1513839c6c,random,md5
147,denise55,a2370b6258c13c1ac649d9d633982c77,medium,md5
148,michaellarsen,a9eba747df682ab0113c0313f367d6b5,strong,md5
149,brianhutchinson,0a76f9926d67101206861ba45aac8be2,passphrase,md5
150,frank45,8edb5a58400cba60680d6c9cc6ac234f,passphrase,md5
151,dawsonamy,1418cb41231575e6374c489b9417c575,random,md5
152,qmaynard,bda210b6b1f0559a57bf062177d3d48a,random,md5
153,jameswallace,3d6e289f38aaf93dfc91ddc2d2021922,passphrase,md5
154,corymathews,34bd8d6738dbe33d6dc556674b8be88d,random,md5
155,schmittmary,2d1c1cebb5d648ecc15007b2088b3879,strong,md5
156,woodwayne,3fc0a7acf087f549ac2b266baf94b8b1,weak,md5
157,ustewart,14841ae9a5f3f95c1b1fe2bbc88b9929,passphrase,md5
158,steven28,fe4848cbdee2411548fee6fcac73c42a,random,md5
159,iholland,e128c9b7409a438d078a0b481e626b5a,medium,md5
160,bdoyle,6ee6cb281fba6d8349e4f0703ad0009b,strong,md5
161,brittany56,a982b07fef88da1af099a4b004f03673,medium,md5
162,alexandria26,ed2c2d08a75a8dfa3687d8a4e36fc998,strong,md5
163,susandavis,fddfcf4439fdd272d614244e9b0e8805,random,md5
164,brookswendy,0192023a7bbd73250516f069df18b500,weak,md5
165,stacy51,40d458c0a818274c3debf0d5debb2167,medium,md5
166,julie76,7f3d064107a50e5324a2af9d21b4b58d,strong,md5
167,catherinegray,bb6f8ddc70d749901ce35f342539a6dc,strong,md5
168,jessica11,9868fb483a63d105e9cb5508c11bd508,medium,md5
169,phillipsdaniel,dbc2a00184ba8f8c84f70ae99f66f085,strong,md5
170,wilsonjoshua,b1de89acf5b19e139d07e525746f4f5d,strong,md5
171,kristivaldez,20a7d94bd3faa03bb2d6af228f0ce774,strong,md5
172,wsanchez,2a0a3b8ff4f5375f6c49a9aa8f252f4e,medium,md5
173,joshuajoseph,5ee87b3ea46a9a46850ad5d26e1552a5,random,md5
174,stevenbrown,78da891d6cceda0a7d9630345414f1a3,passphrase,md5
175,perezjohn,81dfbebda46054dd9b668849be6afb1e,random,md5
176,joseph69,3fc0a7acf087f549ac2b266baf94b8b1,weak,md5
177,hernandezjohn,78470995be38ce04ff57ecd70e075f84,medium,md5
178,kwalters,9cc4f393fc808bd938f5551d4191d49a,weak,md5
179,alexander13,32365ad34006a7a5978589971a41e50a,random,md5
180,bradley80,5edbe2cb53010975798fa4ba28d535e2,random,md5
181,atkinsalexandra,75bbbce76a465400e53434527a8c35fd,passphrase,md5
182,smithmargaret,0192023a7bbd73250516f069df18b500,weak,md5
183,elizabethdickerson,5f4dcc3b5aa765d61d8327deb882cf99,weak,md5
184,hadams,2401b04f7ade1160abf48e2fc4dcf12b,medium,md5
185,gutierreznicole,9da6e7c83a923bb11a0c8dcfc2c28e53,random,md5
186,ggreen,5d9a51755abc4948b6fa08dc88881ba2,strong,md5
187,jose05,62bf0f966412bf5cffaf046317d90dd7,strong,md5
188,leeamanda,4ce87c6992357039ed2031cc4e60c96f,strong,md5
189,ttownsend,482c811da5d5b4bc6d497ffa98491e38,weak,md5
190,ubrowning,b9f98f5f4ae371f21dcf5331b30d2289,medium,md5
191,pamela79,f85725537912b115a6a913edc6357071,medium,md5
192,robertlewis,975b03600d8846111d32d09ac1bb5ebb,passphrase,md5
193,codyclark,28891e01e301da6f58ea1c9904f516ae,medium,md5
194,holly94,9cc4f393fc808bd938f5551d4191d49a,weak,md5
195,jamie69,4d03cc2bc7701b35eeb044afb0a26e20,medium,md5
196,richarddean,51d85b1829a1557f8699fa1c28abbbfe,strong,md5
197,amandasmith,955b1407c4e13c1098f454e446eddd3c,passphrase,md5
198,plee,41bdb10fdfec2d8b17f5eb2f188d0c95,medium,md5
199,mortonmichael,e39e6d5f171b3c429e306cd1fd91a75d,medium,md5
200,zramirez,482c811da5d5b4bc6d497ffa98491e38,weak,md5
201,vburton,3fc0a7acf087f549ac2b266baf94b8b1,weak,md5
202,joseph01,120271612948f29c34ec122b1c0cca38,medium,md5
203,heather50,11deb61578c318a5c7384eb5ce23cb49,passphrase,md5
204,jacquelinesantos,87d7adbe0ad592a345b638a43e8ffb11,passphrase,md5
205,david30,f02a3b004026ce4f77147fc5f79dc5bc,random,md5
206,xsilva,ccaf19bd2f664082d491a71bf8a66cb6,random,md5
207,elizabethsolomon,3fc0a7acf087f549ac2b266baf94b8b1,weak,md5
208,beasleylisa,a645514dcdf0e2584c64ef93408acbf3,random,md5
209,houstonjoseph,7a8186bdfda605cd0d05608936cf833a,passphrase,md5
210,barkerjoshua,01618952e970b03b79e9d3f6437b9ecf,random,md5
211,matthew28,21ea481bd4f4bbc659edab1b842a7893,random,md5
212,ryanpowell,fa35f8eb20d3cc64a06290976f3422a7,medium,md5
213,christopher81,517942331a770db6e7bb26f00b1b2890,passphrase,md5
214,istanton,8daafaa4da354a392ff2aaf218919e16,random,md5
215,thomascarter,f8f8ba512ef39ae7bf6a75e8efd7a139,strong,md5
216,patrickbecker,9cc4f393fc808bd938f5551d4191d49a,weak,md5
217,greg10,8bdd6ed79128520deba949d7ba20cf59,strong,md5
218,morgan00,5b9592c15d6e6b5ebaef395b01b2216a,strong,md5
219,vwashington,6cc83d8d08a0c9f88a55d380dd47e206,random,md5
220,randall76,5a4bb672d5ee6fba14991d77e9cf8c67,strong,md5
221,butlerkimberly,d1437468aecc95193b7532d3e8e0c589,passphrase,md5
222,allisonli,74ba1139bc4e05112dd5b37afc9bf5c0,medium,md5
223,yrobinson,3fc0a7acf087f549ac2b266baf94b8b1,weak,md5
224,dleblanc,ec1020bf4c28dd5c966d080b19da115c,random,md5
225,craigliu,e10adc3949ba59abbe56e057f20f883e,weak,md5
226,vmcguire,d962ff573a115c3d7b8e4de5fbed9e89,medium,md5
227,johnsongavin,7fd6eb9d30da7c62fa0b3792a05626aa,medium,md5
228,nguyentony,74df2931fcf08b434cafdf70df2aa9f9,passphrase,md5
229,manderson,5f4dcc3b5aa765d61d8327deb882cf99,weak,md5
230,jvaughn,ce33ca6c6fb7d4852311e797eadef9cf,random,md5
231,sharon15,3fc0a7acf087f549ac2b266baf94b8b1,weak,md5
232,medinasamuel,3173fd8f6b4a2fc3fc80e2771a36a099,medium,md5
233,tonyconley,e10adc3949ba59abbe56e057f20f883e,weak,md5
234,harveykristina,5f4dcc3b5aa765d61d8327deb882cf99,weak,md5
235,johnsonjohnathan,0192023a7bbd73250516f069df18b500,weak,md5
236,rbooth,80e0a99171b99dfc2bdd6cf01793ee18,passphrase,md5
237,amandarogers,456b61b752f37d4f2166bdcc5aebd64e,passphrase,md5
238,smithbarbara,b76fe266620a601522f822bb80aa0c50,random,md5
239,michaelmiller,cf9944bd8210682a780133970671ce55,passphrase,md5
240,zbishop,50f3ae95eed68e7bd62b5ea287e16ee7,strong,md5
241,blakejulie,d5026f7dd0a421be8b3f767763b47763,medium,md5
242,sean47,3fc0a7acf087f549ac2b266baf94b8b1,weak,md5
243,smithteresa,55ad24f12d839c666e8a9a94d8eb8d9d,random,md5
244,nramirez,572c098c668faecc143ff8642d2040a0,strong,md5
245,michelle33,b936fe5099e237705be5364f3a83aa35,passphrase,md5
246,sanchezkevin,21391781aec7b62e8c242bf28ea834b8,strong,md5
247,jessefigueroa,ceb013037c0dac7b5dcea4c4059af7fc,medium,md5
248,patricia02,482c811da5d5b4bc6d497ffa98491e38,weak,md5
249,elizabethwoods,7bca3a7daffb6e7feb26fb63e8accd2c,medium,md5
250,melissa76,2314ae76cf5311fa58c735c236fecf94,strong,md5
251,arnoldbrian,9cc4f393fc808bd938f5551d4191d49a,weak,md5
252,alan83,158a54d324ee3c22ec9804885e015996,random,md5
253,robert38,eff6c818020f52684156979228e10a58,strong,md5
254,daniellebauer,3740ebafd950612023c90c7b4afd3950,passphrase,md5
255,kimberly62,1d588dd9878f3127b993572f410de2b0,passphrase,md5
256,uwood,e10adc3949ba59abbe56e057f20f883e,weak,md5
257,brucemichael,fa4487657ed369be4e70bc8cc4cb6d11,random,md5
258,lucasmichelle,78abf00c855d1e4b8aa976b77a453114,strong,md5
259,douglas53,9cc4f393fc808bd938f5551d4191d49a,weak,md5
260,zbennett,5f4dcc3b5aa765d61d8327deb882cf99,weak,md5
261,cjohnson,d219f71291c7dc9c61d71db0b054ca0f,random,md5
262,mayopaul,99a10c581f0c1d0c6b9ddb620bc3b357,medium,md5
263,justinshaffer,824d93065fb8b801df8af7f8de01446d,random,md5
264,francisco63,9cc4f393fc808bd938f5551d4191d49a,weak,md5
265,vnavarro,2be91ede416373a8be791d585deab8f4,medium,md5
266,lesternicholas,58418397e966a2d619f1e7566628679f,passphrase,md5
267,jennawatts,4012f98b54230c0609564e9f07259df3,medium,md5
268,nicholas30,0b709ecbf6a69c3b472d9da2f25c766a,medium,md5
269,mckenziejoseph,482c811da5d5b4bc6d497ffa98491e38,weak,md5
270,tina50,549c1f598dbc922d87ac7b2857202628,random,md5
271,kathypatel,e10adc3949ba59abbe56e057f20f883e,weak,md5
272,campbellmelissa,0192023a7bbd73250516f069df18b500,weak,md5
273,michael91,1dfcba245e61efd0bb46103b85d4dd64,strong,md5
274,gadams,5f4dcc3b5aa765d61d8327deb882cf99,weak,md5
275,kkelley,6cecb0991ff2bc074b17e093b14d083a,medium,md5
276,wruiz,e10adc3949ba59abbe56e057f20f883e,weak,md5
277,peter15,6815b14e0a4b8d242de8281df67b3964,medium,md5
278,herrerabenjamin,99a10c581f0c1d0c6b9ddb620bc3b357,medium,md5
279,robinsonevan,c4172844d782432a48247935b50fddcf,random,md5
280,johngonzalez,e10adc3949ba59abbe56e057f20f883e,weak,md5
281,djohnson,e10adc3949ba59abbe56e057f20f883e,weak,md5
282,willietaylor,f3ddae85f951cc344efed7fbc0f4a140,random,md5
283,nicholasjones,2fd581af170f3687c3bdd88fb5344655,passphrase,md5
284,stephanieboyd,2a0199f0b7d6cfc0ca62b9c2759b66a3,random,md5
285,kevinmendoza,de94f7b8e25f600a0b070e38660cded7,passphrase,md5
286,hillmary,b1f959bc73c21080d19c0fda87bffb15,medium,md5
287,wallacemelissa,388e2e05d19d4283ab83dc1b195b740e,medium,md5
288,uperez,9cc4f393fc808bd938f5551d4191d49a,weak,md5
289,sarahdiaz,9cc4f393fc808bd938f5551d4191d49a,weak,md5
290,buchananrobert,9489ab7ba0e1258c63128e505ecc1a8d,passphrase,md5
291,carmenjones,bc83d114048ce92daa1ef3c4c8b01e0f,medium,md5
292,rachelmclaughlin,0facf1315964c51527c9fb0de88d0fdd,medium,md5
293,troy88,e10adc3949ba59abbe56e057f20f883e,weak,md5
294,alvin80,482c811da5d5b4bc6d497ffa98491e38,weak,md5
295,ruiznathaniel,83f8a8339776d45dc2bdd7878b90ff7c,passphrase,md5
296,catherine78,729bd1970e0d400e141618b8f155c87e,passphrase,md5
297,tlane,92cd95f413afe8e443abf1184ea16dbd,passphrase,md5
298,xwilliams,0a8d59c4ae118f59007390c1faff7533,strong,md5
299,moorecrystal,38aabbc57806b1f11cc5d40de3857ef1,medium,md5
300,xgonzalez,9cc4f393fc808bd938f5551d4191d49a,weak,md5
301,uenglish,efca1bec935eaa0669852a81b2fc7c65,strong,md5
302,vincent02,82bfced526966005c3d0a6f5fb40b91f,passphrase,md5
303,melaniejohnson,a3eecccdc1f0b6d645c428d3be3659f9,random,md5
304,jasmin23,467229a89b1d23b5d6c5f225fecdc7ec,passphrase,md5
305,tammy45,e10adc3949ba59abbe56e057f20f883e,weak,md5
306,sanchezmatthew,ebe6f390b1fdf34be359de23d0fc1902,random,md5
307,courtney36,273fa559a024ccbabc3f54241908e0b5,medium,md5
308,bobby08,e10adc3949ba59abbe56e057f20f883e,weak,md5
309,boyerdavid,d77626b6eeb36f642785736a86dbbda4,strong,md5
310,hcarter,a1f089aee6b0714832af9782e603107f,random,md5
311,michael85,2e63fc962438b8202ed08e0253baad72,strong,md5
312,rorozco,809ee1bae3aaeb8ea154205909197ec9,passphrase,md5
313,rwarner,3fc0a7acf087f549ac2b266baf94b8b1,weak,md5
314,oconnorrichard,ea42b0a09369634160c3dfbf04161624,random,md5
315,victoria81,e10adc3949ba59abbe56e057f20f883e,weak,md5
316,sanchezalyssa,6db1ff354cd08a3a1a9be643d40a6e64,passphrase,md5
317,walkerjason,81350964796550904b6c5a6eb070a3ad,strong,md5
318,jli,3bd4ad60cf8bd6362d2d7feac89539a8,random,md5
319,kevinrussell,e10adc3949ba59abbe56e057f20f883e,weak,md5
320,diana51,839d3a2534ebeac300651918ebf6c4a5,medium,md5
321,timothyjones,4e6df00380334f072890c72464b0ff99,passphrase,md5
322,sandersmatthew,2fd7ea03a62c9fc5892fba1c188e3519,random,md5
323,mitchelljennifer,f85725537912b115a6a913edc6357071,medium,md5
324,william07,9cc4f393fc808bd938f5551d4191d49a,weak,md5
325,thompsonchristopher,0192023a7bbd73250516f069df18b500,weak,md5
326,robert46,5ac18eff358de3ce7cf234a795490d66,strong,md5
327,mendozabrandon,136adf43956aacbaad970244b5216eb9,random,md5
328,grossjohn,c4e72c288f46673907837bb3b596e1fd,medium,md5
329,jonathan43,ac32b8d16adb2b9c6acc3f75046cff8d,medium,md5
330,williamssonya,907b10ae4a145790db63e3938fad5024,random,md5
331,jason55,7e39793919b5136faa45a30a320c8231,random,md5
332,yroth,482c811da5d5b4bc6d497ffa98491e38,weak,md5
333,brianallen,f5df8532853e9a064116e64fa0603639,strong,md5
334,tina53,226e75064d24343b1cc81a083867c667,medium,md5
335,woliver,4e233394e884ed77242833c11cc7dbad,passphrase,md5
336,kevinmartinez,d16a61608233bd516c3b597e92296d3c,medium,md5
337,kevinbryant,05ec93ad24cd16b1d3d161792ac99851,random,md5
338,morrisjames,fa4a8738e10607a9690c5d5c9b474934,medium,md5
339,garmstrong,a3fc36bb8c2bfdbb6133050d46d48c35,strong,md5
340,thomasosborn,53a9c18df6d9ca4f711493b7d0672186,random,md5
341,shelly13,5f4dcc3b5aa765d61d8327deb882cf99,weak,md5
342,nixontheodore,8d7e952d7c8c920e09d660302e473d89,strong,md5
343,amberaustin,28cde5cd96a41a0e9add6e24c2f75fd8,random,md5
344,richardgallegos,5f4dcc3b5aa765d61d8327deb882cf99,weak,md5
345,stephen54,5ddf915ba9385f706ada86a40ade0eff,medium,md5
346,jacqueline26,9cc4f393fc808bd938f5551d4191d49a,weak,md5
347,owensmegan,4a9ce22c2c7c92691556283758caafe0,strong,md5
348,rodriguezlisa,7f2e4d98053e5737e2964d1499af4c31,medium,md5
349,josephgreen,22bd985132e13313dae228e6536cbefe,strong,md5
350,tayloraaron,006d242c88afa9cb5fd77f52fda276be,passphrase,md5
351,lindsay80,0192023a7bbd73250516f069df18b500,weak,md5
352,annettegreer,482c811da5d5b4bc6d497ffa98491e38,weak,md5
353,oshannon,0192023a7bbd73250516f069df18b500,weak,md5
354,brownstefanie,687a92647d0603dc2d45550cf8a55a7a,passphrase,md5
355,nelsonbrittany,18f3bf498483cfa23457087e15237ac2,strong,md5
356,htaylor,6f65a1130fc9d5aef2f2d21367007047,passphrase,md5
357,paige38,780b85838f769da8bd450a6e55c9d5cb,passphrase,md5
358,carolhunt,fc2b4e192cb0732851ab5ead2d340150,strong,md5
359,richardellis,482c811da5d5b4bc6d497ffa98491e38,weak,md5
360,castillotiffany,9d5ce6131289d08867d7d4580ef6cff6,medium,md5
361,austin35,71e894e997c605145148c39943a9c44a,medium,md5
362,katrina36,e10adc3949ba59abbe56e057f20f883e,weak,md5
363,nicholas09,d94b3aaf5c95a206aa91a9ea1bf6b0c2,random,md5
364,cookeeric,1cfd7339b7227e48b02afb844ce45c98,medium,md5
365,wcastillo,2d088770a8a609dbf6caebf2c51f076e,passphrase,md5
366,armstrongcynthia,fc7d4da794b03e0f8bdb7d431d5d08b4,passphrase,md5
367,juansanchez,3a976c32a2005d69a32b3ea495f17812,strong,md5
368,carmen95,9cc4f393fc808bd938f5551d4191d49a,weak,md5
369,whitneypennington,5f4dcc3b5aa765d61d8327deb882cf99,weak,md5
370,jenniferortiz,87e122cac9d6e0c1de9ecb800ea11ebf,random,md5
371,brownmary,71a6d75b6856dabc4008c7d0b81671ba,passphrase,md5
372,cthompson,38c97eb44bf6098ef8fc98b6e8ac4e85,medium,md5
373,james91,b79431dd9b77b5293d3cd7475b49e6f4,random,md5
374,jonathan18,8886506919515d43d76a1682523c1df1,random,md5
375,xrosales,f068b2f07a36fefd9a877b36eb310588,passphrase,md5
376,vwallace,cdd9714ea21fbc56575b4560161bf4d0,medium,md5
377,whitetina,d2722d6e5986bacf2658bf1bc2172b5f,random,md5
378,marcus91,0192023a7bbd73250516f069df18b500,weak,md5
379,christopherjimenez,250c67cf70c2a5422ed265d2143ebc40,strong,md5
380,greenlisa,e481f328326807e3b736b9f36545ab6b,strong,md5
381,khoover,c00458aa4c481b77735f665837271cc0,passphrase,md5
382,zparks,1483a5b224e386ccfb4ac0a58378cde0,random,md5
383,john57,3fc0a7acf087f549ac2b266baf94b8b1,weak,md5
384,irivera,93ce62a9b8c850d6f13fa6cbff9a436e,passphrase,md5
385,sherri80,4160ac817a772c531e645f75d556e209,random,md5
386,mgoodman,1ec7def42e80ec6f5ebaa528890114a6,passphrase,md5
387,sharonmoore,3fc0a7acf087f549ac2b266baf94b8b1,weak,md5
388,oliverbrett,821d548c481385e18af1ab9018b7e0b2,medium,md5
389,samuel66,0192023a7bbd73250516f069df18b500,weak,md5
390,rcherry,3f835d91013485d0a4c783cef230c0f9,medium,md5
391,ysmith,896e6af80df6222a9d97b28bc5f8de58,passphrase,md5
392,roblesshelby,712af353e068c1f047a2b5a16b6d4eba,passphrase,md5
393,christinaneal,a39a1bd7f0fb274bdd95811c15db0d7d,medium,md5
394,gardnersamantha,5a54964736ea0fb73a25a5c0e5bbcea3,medium,md5
395,mckeejulia,482c811da5d5b4bc6d497ffa98491e38,weak,md5
396,katieelliott,2a1316ebe50d7cf1591dd7754e4448a5,random,md5
397,bwells,8715a6c15719e2a348dc4c83ddfca286,random,md5
398,williamsontiffany,7bfab372e63ee12dd98ba2a021219a92,medium,md5
399,xmiller,7ba2af9e2dc6ef5f753918e882aae455,medium,md5
400,christopher24,5f4dcc3b5aa765d61d8327deb882cf99,weak,md5
401,robert17,0192023a7bbd73250516f069df18b500,weak,md5
402,timothyobrien,9cc4f393fc808bd938f5551d4191d49a,weak,md5
403,jennifer76,d6b76e273ca3118eeb6a42780263293d,passphrase,md5
404,catherinepadilla,4a2dda7907055f9a26a607ba2bee3261,random,md5
405,cindy71,1a35b55af042eaf71a776440db2438b8,passphrase,md5
406,alvarezpatrick,02bf81a8ef2dae6ea06ac66b2d800278,medium,md5
407,rodney88,e3ac9d1a3e181463c57236905c7c6ef7,strong,md5
408,ipennington,f38a996a87940ed4d265a6c890c7925d,random,md5
409,colleenwang,fbb177306b3bce558e95658824dfca40,strong,md5
410,shawn99,81b409f8e79a57b2f98050fbab79cf5a,random,md5
411,daryldaugherty,8939fc68bb96e0bbda9379ff25f5b6d4,passphrase,md5
412,aliciamartinez,a7cca0a9ae81bd75b0655a4e4bacdb6c,strong,md5
413,danielflores,482c811da5d5b4bc6d497ffa98491e38,weak,md5
414,sharonwilliams,482c811da5d5b4bc6d497ffa98491e38,weak,md5
415,matthew57,1c27d9674b4fb24cb02d5924fa6bcd63,random,md5
416,calvin20,23ecd9dcee654cbe5658d2ed1f99f19e,strong,md5
417,fjenkins,38dee9eaef55b5711aa48eb0c42e28a5,random,md5
418,mcgeebrandon,7afdec01ec7e81bb25bd0cef94f67b0e,random,md5
419,lcastro,53db777470cdc4d3c5a78b2f404917de,medium,md5
420,bill80,d81a6ec6d1657f833e413d58bb2d2654,random,md5
421,hilljessica,05e3d57778180cc6135ddd5cfeb06433,medium,md5
422,sanchezamy,7f4b7954eb598a30b0ee95e6935faa6f,random,md5
423,robertsdenise,482c811da5d5b4bc6d497ffa98491e38,weak,md5
424,holly08,c27c8cfb31286d108ef7b975d1244059,medium,md5
425,pwalker,01a820b6b28b0ced6fb7ff29495a6838,medium,md5
426,melissa28,931e8373550572566651732703e0cbf9,strong,md5
427,xhill,c2e94ee90cfc4eee8ee2d913b5833f32,passphrase,md5
428,thorntondavid,eb6cddec26ccfd0cf598ffc4ef68bfcb,random,md5
429,tmcgrath,0e664f6962574b1abef6091b314f8593,strong,md5
430,katherine31,a5a3c544ba0e08927548280a18deea3f,strong,md5
431,tcase,6f5947af656dd0c0d1366c4b427f2cba,passphrase,md5
432,marymay,225429ef5ef5731ab500216cad80dae1,passphrase,md5
433,xschultz,39d805f3082773d0665e2cfb63cea831,strong,md5
434,kbrooks,482c811da5d5b4bc6d497ffa98491e38,weak,md5
435,gallagherjose,00b3942da622acfae4f95ca18be2068c,random,md5
436,lauramartin,5f4dcc3b5aa765d61d8327deb882cf99,weak,md5
437,brownmichael,dbfce389074131ed7bd9568b6a07a546,strong,md5
438,shawn19,0f31160602c693d61d545fc880ff6ed7,passphrase,md5
439,rwilliams,d0b5de49d9dde3045d0400caa61dad91,strong,md5
440,kristencharles,bfe6627896bad61df84f48a84c1dec28,random,md5
441,evansjenny,482c811da5d5b4bc6d497ffa98491e38,weak,md5
442,shannonpierce,8c8c847e4ef3d71e554297ed341ca2b2,random,md5
443,hubbardmaureen,eb221d8c1b79efb68336e4a044c91e6e,medium,md5
444,michaelwallace,4b2c447324bcdeac222da59f324f0d12,random,md5
445,herrerasamantha,a4ce4591138f4c60eafd18a044814821,passphrase,md5
446,mannmaria,e10adc3949ba59abbe56e057f20f883e,weak,md5
447,larrycruz,37aad307b8394c74d18f36abc46a5909,medium,md5
448,andrew80,0192023a7bbd73250516f069df18b500,weak,md5
449,toddpeter,706dab373277c4e57762df1bb8dcc038,medium,md5
450,brookeadams,482c811da5d5b4bc6d497ffa98491e38,weak,md5
451,edunlap,66d7263179dc890d3305952155655f13,medium,md5
452,xgarcia,6394b3ddc4b66643501d3edb61105dbd,medium,md5
453,jburke,0f58bfaf433ee449ce7dceaf96449c9b,strong,md5
454,jennifer09,a0b0bb6e039345c3b983625103142601,passphrase,md5
455,fking,9e796d72dd323ef3967774ada6aac08e,passphrase,md5
456,hesscorey,0f61873c2bc8ba409f2ddc30e0f8e226,medium,md5
457,sodom,d9bcd6da15ee51a3c218f2ed9c2e66f0,passphrase,md5
458,michaelwilson,0192023a7bbd73250516f069df18b500,weak,md5
459,vrandolph,552c5c6d497c77a58f631ad4f94b53b2,strong,md5
460,longlarry,0fd23109271e64b53cb94b44eba83204,strong,md5
461,aglover,3fc0a7acf087f549ac2b266baf94b8b1,weak,md5
462,kmiddleton,9c989b8f2a94b1afa4ab7d08b617d15f,strong,md5
463,masonpatty,30a2d8f102beeddac7ad7136211c2eb7,random,md5
464,garnersean,a23362869ed3ef029ee6e8337e8929fd,random,md5
465,steven79,2cc442decddb4d53446f7aee3ac7cb91,passphrase,md5
466,sandersangela,a011ef32c023f6885fab409fbd579104,medium,md5
467,karen47,482c811da5d5b4bc6d497ffa98491e38,weak,md5
468,santiagoamy,3fc0a7acf087f549ac2b266baf94b8b1,weak,md5
469,fmeyers,56ad2663004091d2d9a34fe7999924a2,medium,md5
470,ashleybonilla,e2242be6a8d20f6f9a59ee56419c66f0,passphrase,md5
471,ghenderson,54d1d4d847f8e8be73478e4e1ce62fcc,passphrase,md5
472,ortizdaniel,5eec45486a3d3e787857c3711b50b328,passphrase,md5
473,david98,7f2e4d98053e5737e2964d1499af4c31,medium,md5
474,sethreid,8aa15fe048d667e04c88357b69ae0f0f,passphrase,md5
475,james59,326af7ffa7576dc20d03db8fdd2e8f34,strong,md5
476,william90,91f25aaa1e406b41e37575851a83868a,medium,md5
477,danaflores,0192023a7bbd73250516f069df18b500,weak,md5
478,enguyen,5f4dcc3b5aa765d61d8327deb882cf99,weak,md5
479,kevinsosa,23772b8d7b10daa11789ed708077f076,strong,md5
480,mlarson,fb732915b6f1355a87382456e8ba75e8,random,md5
481,bridgetwang,e10adc3949ba59abbe56e057f20f883e,weak,md5
482,mario29,b478a15797c2a398790d8212c424296b,medium,md5
483,jessicabaldwin,37aff87e8df325a188d4b533e8a70b4b,passphrase,md5
484,ccastaneda,fc97d6e0d5b8bee9ec44d4472b6b3c2c,passphrase,md5
485,chad14,8b4e298c7b49786884e4e31fc844e1da,medium,md5
486,oramos,6e35ae76e0476b95ae3421496c2e4b39,random,md5
487,ramosmark,ab37507e927c74486dd0c6fb3d6c64e2,random,md5
488,patelangelica,f6c4640a0ceb135bcc0df52c60437f12,random,md5
489,kingbrandon,84fc7a26fff3feaecd17b78d836ba6ea,strong,md5
490,orios,dea9bb9c24271a717f7eb9dd7f5402d3,medium,md5
491,david49,0192023a7bbd73250516f069df18b500,weak,md5
492,brianamurray,d7ffe09344788f5afdcfc7e99dcb3a3a,passphrase,md5
493,alexis81,a8168a91315f25e2610b4a541c701cbc,medium,md5
494,morganguzman,cbeceab99d94c672f88b93978167ef3f,strong,md5
495,danielle78,63a5065ea555154a1632e63dbb011a58,random,md5
496,coxoscar,4408b9c68a6527152908de8b633ebdba,medium,md5
497,holtjoe,9cc4f393fc808bd938f5551d4191d49a,weak,md5
498,mark94,d07fd54eef6cf27f3c5e4f2d63f8debb,strong,md5
499,michael74,40284b4a9d74997d06299a811dc5179e,random,md5
500,castillomeghan,42cfb95d21f533d27f779a021ef58e74,strong,md5
501,michelle06,91795ed5848c7c8ab79d7ec1e00f0a89,random,md5
502,grahamamanda,e8c2ef3354d6768cd5a0cde1e268ea56,strong,md5
503,daniel37,e44dc4aeb5b4a64588654c71714582f5,medium,md5
504,jeffery19,df935998de7f7b307a5ecf8cc158318a,strong,md5
505,tarnold,d6d8524486583a7b6319ab0e652c8dcc,passphrase,md5
506,robertmarquez,75e208089ec0fb86c61526695ebdcc60,medium,md5
507,caldwellsarah,93b36bade767086805b9cf96e69a63f2,random,md5
508,alimary,ade89599a5b7be2b4190730c5221cea3,strong,md5
509,brittanyramirez,9cc4f393fc808bd938f5551d4191d49a,weak,md5
510,janetthomas,b33b11e7d31801a556817a15f6a57116,random,md5
511,hawkinslee,e10adc3949ba59abbe56e057f20f883e,weak,md5
512,twilliams,9e095d03cb87d2060d733dc4e9fba378,passphrase,md5
513,hmay,147952a6f1d9caa5872b0de2ed1fcb53,strong,md5
514,valenzueladesiree,1865af5f74bd21cc161318ced31722c1,passphrase,md5
515,marysimpson,9e80a2a82fc60217d3e69d9749b8eff6,strong,md5
516,tammygarcia,5f4dcc3b5aa765d61d8327deb882cf99,weak,md5
517,katrina29,8a5e32b27647c2f27789e3e518cbd69f,random,md5
518,thomaskristi,e10adc3949ba59abbe56e057f20f883e,weak,md5
519,michael26,a13a55f2d124d6e4ec30d1cd2bf26552,strong,md5
520,jeffrey02,51fc210039b37ace17c230b5c78e0650,strong,md5
521,wreed,3fc0a7acf087f549ac2b266baf94b8b1,weak,md5
522,juliegomez,bd87bb8e2044977d1b938ac0e08403c2,passphrase,md5
523,johnsshannon,81db9f0c5368dfe231fa8d2d4dd29c13,strong,md5
524,robinsontiffany,b80f464ee9b12d844ac3ae393463fadf,passphrase,md5
525,hamiltonmadison,a939fe6a5b8b7f2fa55bd947214e4574,random,md5
526,timothywatson,4d0eb04e275b45da309f1af937067772,medium,md5
527,trevor30,229cb2c0222d7c44d76e0fb4c7c7b55b,medium,md5
528,michael05,740dd1b2ba802101f284130c6b1f678a,medium,md5
529,michealglass,d441de6fd0a6e302751b1b8c2ef31a7f,random,md5
530,dominguezhannah,69f39e8a71f65cd502ed724763b16985,random,md5
531,rbryant,622d67ba4ed06de4573a7a2ea49e9bad,strong,md5
532,xthomas,60c79722aa5e677fde60407f1b529c10,passphrase,md5
533,woodmarcus,6d40f4498aaf83d993a0abd74d561079,random,md5
534,williamscynthia,482c811da5d5b4bc6d497ffa98491e38,weak,md5
535,joshuacooper,c2ea6d1affc98d217907d68c992d281f,medium,md5
536,miguelbrady,9cf8c7255f2d60426b163250c3c843cb,passphrase,md5
537,joshua53,adb9f62b2cd3f26aa663000420f236c2,random,md5
538,alvareztyler,2f176102efdd77f59420de2ef910edec,random,md5
539,kathybarton,59f844409cac37b88abc7bb6c55106ab,random,md5
540,baileyandrew,482c811da5d5b4bc6d497ffa98491e38,weak,md5
541,brenthiggins,27bf840877b9a51208550231e0c18fc3,medium,md5
542,amberryan,6cecb0991ff2bc074b17e093b14d083a,medium,md5
543,lwright,a02ca6a7c964598959012240cf9b3205,strong,md5
544,adamscurtis,ef3ef849c966f395667c4d000efc3519,random,md5
545,bushelizabeth,ccd246a55b13142d1e58c7a3a8e9b56c,strong,md5
546,gonzalezkyle,72b8493d613db5b08129612b4baea97e,strong,md5
547,phamlaurie,9cc4f393fc808bd938f5551d4191d49a,weak,md5
548,rcampbell,bbb25cb62de553d87dde62a406268c2a,passphrase,md5
549,mckaymelissa,df723f8bd674d229e94ed3838a5f76b5,strong,md5
550,katelyn78,482c811da5d5b4bc6d497ffa98491e38,weak,md5
551,wrodriguez,23f97ffd4ba908a77065de0f3c62481a,strong,md5
552,gregorywhite,9f69ba7b8b06ba01a57a08f66e3c97e2,strong,md5
553,osmith,39f83f20687ace4c95ef3471d38438af,random,md5
554,evanssarah,78f429dbd929dd68907b875004c5685c,random,md5
555,jasonsandoval,f43bb76c4eaf6ebffea2d0bdc4da09cb,random,md5
556,zachary29,56a677ee25ac99a60dfcb6b2018e7825,medium,md5
557,schaeferdonna,e10adc3949ba59abbe56e057f20f883e,weak,md5
558,jeffreymiller,553f7885fcc73a6ca61582a133848c10,strong,md5
559,charlene55,482c811da5d5b4bc6d497ffa98491e38,weak,md5
560,parker72,af858f24565d1ed9a5deabd8018dcae5,medium,md5
561,michaelgriffith,5f4dcc3b5aa765d61d8327deb882cf99,weak,md5
562,cortezjames,482c811da5d5b4bc6d497ffa98491e38,weak,md5
563,braunmaria,db740e0baf3b75b082c0337f7fe764c8,medium,md5
564,brooke14,5f7348551a923218faf278f01b5552c6,passphrase,md5
565,coopermarcia,9a8846ae699affe8e64562786e53343f,random,md5
566,ronald49,2d3cb8c7d6204066b57315914d27308e,random,md5
567,uvasquez,3fc0a7acf087f549ac2b266baf94b8b1,weak,md5
568,wmckee,b645f3e1bea333abf0052c45380b73bc,medium,md5
569,thomasrobin,e4177686c35538478b8e09f356d3f210,strong,md5
570,adrian91,d6de0d583740310d41a32d7212814f76,strong,md5
571,margaretthompson,83c1c71f273c5f4f2355560dcc692e23,random,md5
572,marialopez,0d20833548596882f48d1a94f7c28bb8,medium,md5
573,taylordiane,c7042c9bc0bea9ace6aa4163f02d24e3,strong,md5
574,brianhunter,c73a960c742c9250df5fecbeec150346,strong,md5
575,sanchezclaire,482c811da5d5b4bc6d497ffa98491e38,weak,md5
576,hudsonkristopher,aa48f8a48f35ce25cb3172087fcaf7ff,passphrase,md5
577,fishersandra,482c811da5d5b4bc6d497ffa98491e38,weak,md5
578,cohenregina,5f4dcc3b5aa765d61d8327deb882cf99,weak,md5
579,matthew25,0f6c729e1f28c8e82cea6f46417b8593,strong,md5
580,lancezimmerman,b4d54a6c0e36bc7c70ac6ad7379fc3fd,passphrase,md5
581,tberry,62043a551abbd339efaddfbd6e224bd0,passphrase,md5
582,andrewho,6074f0be129a944ff510d8c0fec73845,strong,md5
583,tina02,daeb671674413ac838644f6d674b54ae,strong,md5
584,eric70,991f06f485e5013de99e9493501aecf3,strong,md5
585,ptaylor,28ed2dee1aa6c048cb0d83980b5e695a,medium,md5
586,johnstonnicholas,0192023a7bbd73250516f069df18b500,weak,md5
587,dianamurphy,c7426928824135cb11a44cc71a14592e,random,md5
588,duartejonathan,50c5af94716b4e46aacd85df3cb2c0b7,medium,md5
589,logan93,28153fb142c6a84dfa8b5ed591ce76c7,random,md5
590,matthewmccormick,edd9161b45a4095db8da92730178581e,passphrase,md5
591,hurleyleslie,c1a25aa43cace964dd5d4593928328b9,random,md5
592,parksemily,f15080b647e6824e9a47f7ef14ab5339,medium,md5
593,maddenchris,bd891ca8e1c7574651bddffa71518679,random,md5
594,william61,06c9fc57fd8bfba51c08fae7efd3a26c,medium,md5
595,james70,482c811da5d5b4bc6d497ffa98491e38,weak,md5
596,cisnerosbrett,1133666389706be40caf500fd881346c,medium,md5
597,michaelmatthews,3d4c3566a9d01ad0cca6a661ed5c04bd,strong,md5
598,susanbrown,265599e16434c8d83b60c1aebfb588e9,random,md5
599,raymond81,abb9baa3ecb1a2d684d3689ce2780932,medium,md5
600,zolson,93f78110bb79ac8f71b5bf3b8fb78475,random,md5
601,stephaniemack,3fc0a7acf087f549ac2b266baf94b8b1,weak,md5
602,kellyray,482c811da5d5b4bc6d497ffa98491e38,weak,md5
603,collinstimothy,5e1526cd1264b7da7dbe88c22e907c3f,medium,md5
604,brenda78,0930643e349513ec218fad83338fd2f6,medium,md5
605,melinda43,3196a47cc6f3adb9edb5ddd426af15de,passphrase,md5
606,lmurphy,ec60eb7ea1606f2d0abe7abe3eeb3032,strong,md5
607,mgray,f85725537912b115a6a913edc6357071,medium,md5
608,whitakerapril,3fc0a7acf087f549ac2b266baf94b8b1,weak,md5
609,baileyphilip,11d821d5a7fcc1462ba7e7d72632fed9,strong,md5
610,jon00,27dd425ac188cd9823853613f8697b31,medium,md5
611,glennperez,7f2a5324bdacaa3f578cc7a2ed7720cc,passphrase,md5
612,zmccarthy,0dc214be614803c90b60401401d187d6,random,md5
613,jose09,ded8cb05d21f4c8f27f10336394581dd,medium,md5
614,lowecameron,abf624c8ef19a3d4305c6215b70051d7,medium,md5
615,wjames,3d28a3da159cb8fc276a7d5b86fb5d0c,strong,md5
616,mitchellrachel,118b373c707dde5ef4e041fc6a04b245,random,md5
617,gibsonpamela,29e3d7554daffb96f99a0b0294be16f6,random,md5
618,clarkbrian,675da2f554d26dc63374c09a4761d18f,passphrase,md5
619,esantos,a8b0681b38577dd07109c081c43491a5,medium,md5
620,curtis60,91d5179916ef4df1bb50d588ce76b74d,passphrase,md5
621,dpeterson,e6e4135759c346d6c63a1bf714465326,medium,md5
622,fclark,e10adc3949ba59abbe56e057f20f883e,weak,md5
623,kmurray,e10adc3949ba59abbe56e057f20f883e,weak,md5
624,emily11,5f4dcc3b5aa765d61d8327deb882cf99,weak,md5
625,nancy00,7a71658dec777fc3a07bdf121e0697da,random,md5
626,fharris,0192023a7bbd73250516f069df18b500,weak,md5
627,kmyers,3e85ee45b8178ce9384f09c234b4ddc4,passphrase,md5
628,bartlettleslie,a2088f710173ca1b360cd41bf408b287,random,md5
629,jillian73,49f0ad8752ae73a175536a134bf7b627,strong,md5
630,gonzalesjulie,482c811da5d5b4bc6d497ffa98491e38,weak,md5
631,williamcarrillo,9cc4f393fc808bd938f5551d4191d49a,weak,md5
632,hallkaitlyn,14333b8d9483a972158663e648c69e69,passphrase,md5
633,keith61,fbef5c7e265f6a7d8627f826fbdde082,strong,md5
634,kimberlysmith,3d0ebb16be11fbe18029bca1aeacd15b,random,md5
635,tmaldonado,ddbd13e2f9392bea9d33628d689e15d7,medium,md5
636,suzanne93,f3ae101a249a9bf1a4a4570a41372f29,random,md5
637,ncampbell,07c89eab1b5620999a9be8a2b7a7f10a,medium,md5
638,bryce21,482c811da5d5b4bc6d497ffa98491e38,weak,md5
639,adam19,f0a0f80207455eb78ae2df2333ce3a48,passphrase,md5
640,tylerroberts,ffa029a6e245becf661eeac31a76018f,strong,md5
641,abigail89,61c4c9b2f85eafa340ef437c76fd6472,random,md5
642,wwalter,ffa4ade317d1babc7aa88e464288a713,strong,md5
643,hdean,482c811da5d5b4bc6d497ffa98491e38,weak,md5
644,qmullen,7bca2473da94d9eceb43461b4935da1e,passphrase,md5
645,sarahsmith,83b19e1d1a70ae153e97621f898114c6,strong,md5
646,kathycarroll,fd6191c053a810018afd1ba57b7c5874,strong,md5
647,molinajose,01c8088db155eb075b04e33aaa95fa9a,medium,md5
648,laura50,0192023a7bbd73250516f069df18b500,weak,md5
649,martinezdavid,86e45c168e4805e42c1c669f68bbff41,medium,md5
650,calvinshelton,362e8bc10a0394b9d12a7f86f2dd2485,medium,md5
651,ariel88,017cf6de2e80ff63cc3e4986572b8b61,strong,md5
652,jessica82,9b4f81c812b6dad0d4866540ae67e1c5,medium,md5
653,grobinson,fe1fed88940c39ede20c5ac1f86adbaf,random,md5
654,foxbrian,9b352fc74c9bce9c42d891ffbe69ddfd,random,md5
655,htaylor,5f4dcc3b5aa765d61d8327deb882cf99,weak,md5
656,gregorygreer,51a6e20958b5f7219c027db73c32018b,passphrase,md5
657,yhoward,4d6a40435f74bb8f43a52ca9cd9591de,random,md5
658,emilycohen,8ec66dc508d6bf1900faa6926755d112,passphrase,md5
659,waltersdaniel,abb69d5d474198c50cebf3e95f1a3ad3,random,md5
660,cesar03,db662d57622c4fe5c710c35ac9fdf9b5,strong,md5
661,andrew95,a927f4ef90616061281f39e92733a160,random,md5
662,ashleyroy,67f24abbacc8df000667ffdf7fea46c8,passphrase,md5
663,xdoyle,e10adc3949ba59abbe56e057f20f883e,weak,md5
664,andreanewton,b7f22edf1b068585c4591e40d5703b41,strong,md5
665,rojasapril,1acc3962d36ace6f21ea31ac5de9ca4a,strong,md5
666,qhansen,3dfc77994da0d9678a1f6fb45214b9d9,strong,md5
667,deleonjanet,3b2e04c6fe383c68601f59be6703fc65,passphrase,md5
668,cummingsmisty,55c2b912f27fc96f47f5c0808f157fc4,medium,md5
669,jross,e88f2e12eef344cc8430b5303a51f508,passphrase,md5
670,jlopez,0192023a7bbd73250516f069df18b500,weak,md5
671,danieljackson,f64fbd1aa7cbc222d27d218caff2aa4f,strong,md5
672,warddavid,9cc4f393fc808bd938f5551d4191d49a,weak,md5
673,anthony51,4c96b7d0c5fa8ecf5058ff12eba5579e,strong,md5
674,adrian77,8d050c6d72ed60637c8163f4fa459913,passphrase,md5
675,wilkersonbriana,5e2b1b6b7b664129cd3688378442f964,medium,md5
676,bryanlane,16280429f75e8f9f0cc9b4b5da58848f,passphrase,md5
677,jessica27,a5fd51d8732fc223c13433c03f7237ef,medium,md5
678,hammonddonna,01851d89bdfe873388e50bb1c571537c,strong,md5
679,yjohnson,482c811da5d5b4bc6d497ffa98491e38,weak,md5
680,john16,e8f59f4004a95585a2db9797fa2fd2e2,medium,md5
681,dfoster,5177619d7b9f83446f6d72529591209b,passphrase,md5
682,hinesjacob,ee55c1a40f708599d7ebbeb1e3ed550b,passphrase,md5
683,josephyoung,26d9708e7d76ee6849d1ed7be52ba5d0,passphrase,md5
684,mitchellhughes,e0da0804890a5d96f1b9c22263b2644b,passphrase,md5
685,ronaldgrant,482c811da5d5b4bc6d497ffa98491e38,weak,md5
686,douglasmiller,213cf4731254a48b07a05b08e17506ee,passphrase,md5
687,gregory72,e10adc3949ba59abbe56e057f20f883e,weak,md5
688,branchlisa,ad7c0241bad0cb22211e9c1af3206a3c,strong,md5
689,travis68,f05f978680142976a209856aeb598bd9,strong,md5
690,daltonkathy,ad50df218fde1c06fd0dfc292187a2f2,medium,md5
691,njones,7bca3a7daffb6e7feb26fb63e8accd2c,medium,md5
692,james51,e830b0564ea71f9a144820497009538d,random,md5
693,jacksonbrandon,c111dbb0d25e17492d0e2fff9cc725ea,random,md5
694,davisvalerie,80efede66452d8ec75d70d3cb891ebf6,random,md5
695,jennifer05,3946e9136edf60f17d27a0a4347e668f,medium,md5
696,kburns,273953107dd8b3a35d3137dcd5e9d484,medium,md5
697,mlopez,e96b71e067d903daaf26ef469687e59d,strong,md5
698,avilasue,847f5420f74440a159c64d44f2910afb,medium,md5
699,mwilliams,59d0eb6f61fab24ef6fb53b612c84e5e,random,md5
700,stephanie37,f164214b10e5f898a72b5cd558a519ff,random,md5
701,alexdaniel,3fc0a7acf087f549ac2b266baf94b8b1,weak,md5
702,bschneider,2cb481958deff9ccdefcee090bad58d2,passphrase,md5
703,careyjacob,e8f59f4004a95585a2db9797fa2fd2e2,medium,md5
704,jeff70,23703db87d95c3be62cbdc420dcf4663,strong,md5
705,achavez,037394bbb9aa09e155d8541b92a800a2,random,md5
706,smallelizabeth,482c811da5d5b4bc6d497ffa98491e38,weak,md5
707,rruiz,060812d9f2994c28ff8e57d33cbf595c,passphrase,md5
708,tammy01,3fc0a7acf087f549ac2b266baf94b8b1,weak,md5
709,zjones,0c520b776d25e0ddfa8cf1fd78acbf1f,strong,md5
710,gregorysims,c587eb55616d5e98ca65a43609138c85,random,md5
711,wgarcia,0e55c3a7d59177f829721124674be893,random,md5
712,rcruz,90d25a17b97bc532fa20e4ea3704bfc3,passphrase,md5
713,kburton,34b85f76a739181649b3ff093e84b0e8,random,md5
714,fmitchell,353dc17501e54bfce24eea77a10798c5,strong,md5
715,mitchell25,c92a83cba1a3a6dfd9930309a8853c6c,medium,md5
716,grasmussen,8f1324a2d463f434de55d2461a2d0305,medium,md5
717,knightlaura,d2c8c8a2dc32033c7207fa01faefa444,medium,md5
718,tammyberg,9cc4f393fc808bd938f5551d4191d49a,weak,md5
719,coffeymichael,482c811da5d5b4bc6d497ffa98491e38,weak,md5
720,kathryn64,482c811da5d5b4bc6d497ffa98491e38,weak,md5
721,gilberttina,723fbee50164d1e3ffdb1504f7feda40,random,md5
722,fishercarlos,4877ed01298d6cc281973a787b4d76b0,medium,md5
723,christopher76,3fc0a7acf087f549ac2b266baf94b8b1,weak,md5
724,richard99,a02cf0dd7dfd9673fa7d51c786948252,passphrase,md5
725,dakota18,d2c8c8a2dc32033c7207fa01faefa444,medium,md5
726,wgarcia,67406a3c5f2885659a2c368ba9c1ff09,strong,md5
727,christopher53,fba3e446509f22061dd619c62669eb87,random,md5
728,gregory52,fe1aae8143689f2aa4a9277fb917a0d7,passphrase,md5
729,donald19,5035dc9bdf410ed4593d5752ae6913ab,medium,md5
730,mfoster,a011ef32c023f6885fab409fbd579104,medium,md5
731,oneillsteven,bd0a89e1bcc4874fec25da561bd1fb8a,strong,md5
732,adam41,e7476456a43a6e8074e9d0e297838612,strong,md5
733,cruzamy,e6c8206bca16da357f663edbff2a051e,strong,md5
734,cklein,c56aed3640aa98895c2efed77ab8660f,random,md5
735,susansalazar,bac5c6e9571a64f004786490ae9a6263,passphrase,md5
736,jonesjared,5e2836e5b34fe5ba22c966104e65c77c,passphrase,md5
737,breanna21,5f4dcc3b5aa765d61d8327deb882cf99,weak,md5
738,vsloan,a1533c71a8f9f0b1a15cdf63fd094e1d,strong,md5
739,lisa93,46f55f62cff58e6b1320b7367c6bd2f0,medium,md5
740,williammaynard,6f7fe8694dfc19652e1821aa54b84e22,random,md5
741,christian17,f0d7595fdede0a96b1636cffeb316cdf,random,md5
742,ylewis,d9640920d2a31e34bd6963b472cb2dce,random,md5
743,courtney49,f980cd1f6edf22490b5a3cc7eed5b3e5,random,md5
744,julia05,771e6e57c034267c5829d447d1a92a9c,strong,md5
745,angelagomez,e10adc3949ba59abbe56e057f20f883e,weak,md5
746,scott42,d492fb3a2ddfcb1b2b04130a2c79ee13,strong,md5
747,jrogers,b6c3d7f92436e20b26033f41e05df865,medium,md5
748,brenda01,a9a36cf9917671c2322722c88616c053,strong,md5
749,christopher35,bd9a6fc820493d66c2eb657a8b36dbc0,passphrase,md5
750,fitzpatrickmichael,4eb5d9dad75aa52bdffb596c61c1ca65,strong,md5
751,adrian74,9c45754f76b522e98b9a84712cf4a9fc,random,md5
752,keith93,415cf7216e7c7429f289689ea08f24ea,strong,md5
753,emily18,b5827df74de24c2840cd7ae410577edc,strong,md5
754,keithweber,5f4dcc3b5aa765d61d8327deb882cf99,weak,md5
755,adamscassandra,d2bc57a262250b6356014600d46df7ae,medium,md5
756,kashley,bd25de0d1794060f191d838d6896cbd4,random,md5
757,abond,23cc8ce4dbf827cdde75782a688a76cc,passphrase,md5
758,smithvalerie,210f0396af639668def91279a048a563,passphrase,md5
759,melissafrank,9b7f6521d306c8fe800db8e0a99df230,passphrase,md5
760,ariana57,87d09dc3640b99c43330bbcf351524c7,passphrase,md5
761,vdavidson,d92a2836afc79b687ccef0035368d13a,passphrase,md5
762,rchen,308ade9433037b7f5408608144829442,medium,md5
763,pleon,97b43c1b92bbe7ac4fef807c3157a43f,passphrase,md5
764,ryan79,aa67d068d39d11946a5cbb46c3c1b268,medium,md5
765,brianwilson,71e37562636c7f9f9acaa595cf7fc183,random,md5
766,stephen23,9cc4f393fc808bd938f5551d4191d49a,weak,md5
767,williamskelly,cbc07a8e39273dcf79ce73e427ba690d,passphrase,md5
768,smoran,7c83426bd4446292d252aec2c4a1320e,passphrase,md5
769,jenniferdaniels,95526c053aec6bae2b4e54f7727fc9f9,random,md5
770,michael91,cea3ab66b4616360f820d355126ec93e,medium,md5
771,sharon41,4ce4fbe2d3aca7f5ffb2c47adbe24b38,medium,md5
772,rogersrandy,aa96b4c5dd8ec95d58ded0cb4724582a,passphrase,md5
773,lisa84,4453b2fb9b375b28ccd25352f77f702b,passphrase,md5
774,jenniferschmidt,35bc1a334fc15727a61e3855965be504,passphrase,md5
775,allenlee,9a7d04c033f0c08da9f3065e0dffc97e,random,md5
776,mburke,a9cdf82bf932a6f148453e10b223b81d,random,md5
777,derek71,9cc4f393fc808bd938f5551d4191d49a,weak,md5
778,castilloemily,f712b7b53c51f42c2abc98f541c43c0f,passphrase,md5
779,dmora,bca705b86f2c19c484293ee1b887b3f0,strong,md5
780,james41,e97e60e51b9e629b0d261a3489b2f259,strong,md5
781,alexanderhernandez,f07b03549604201ebd8d2435be16ec19,strong,md5
782,bsexton,6a5977452693d81178af662c16513160,passphrase,md5
783,vegaseth,db36d69adb03705670ea9afb2b3c243a,strong,md5
784,tiffanymarsh,e64b8ad42e253855b874fd63cd6c1461,strong,md5
785,rodriguezdouglas,a5c5526cb974420a34178c4e02b9fb23,random,md5
786,timothy14,e10adc3949ba59abbe56e057f20f883e,weak,md5
787,adamsdrew,3fc0a7acf087f549ac2b266baf94b8b1,weak,md5
788,camposshannon,087098730e63ab18fd539fe290f46ccc,passphrase,md5
789,rosssharon,11de3480d01adfe2bc5348ab660ff3e5,random,md5
790,daniel82,0b3367a3d65cd3c4f5eb828ce658dd21,medium,md5
791,obrienjeff,762c3390150a0d08011533b34487562b,strong,md5
792,droach,5f4dcc3b5aa765d61d8327deb882cf99,weak,md5
793,mariopatterson,4fdb4f713ed28e7e5c973b149922aea6,strong,md5
794,kayleescott,90bd109868728d645acd0c2eeabaed6e,medium,md5
795,kellipetersen,f9dd4afcd654bed9190690c59eb9f427,strong,md5
796,kathryn64,a11528ede62af69059e1eaf5ff2abf90,medium,md5
797,yellison,21e2011aa37416c170f17ab6940ad6d1,random,md5
798,alexcampbell,0267fa169a86dbb562e9d4687223ab46,strong,md5
799,susan72,3fc0a7acf087f549ac2b266baf94b8b1,weak,md5
800,craiganderson,e10adc3949ba59abbe56e057f20f883e,weak,md5
801,pdavenport,346b6af67708032e84f9e18299be8218,random,md5
802,yyoung,a15b8ac000b096011c0c5def1d8095ef,medium,md5
803,lriley,c4139d457634c903dbde550df0fa68fd,passphrase,md5
804,raymondelliott,d60b44011387671fd3b674686ffa47d9,random,md5
805,kylewilson,53fed81670ba0cd9d3ab9edfa97c6c0f,passphrase,md5
806,qsmith,659645cdb3fd658a4a2d691bade15fd1,strong,md5
807,adamkelley,bf7af4559ea857b74b30fb2252de08df,strong,md5
808,pmercado,2773f74eed0d069b80d6eb83e0fae8cc,strong,md5
809,gouldmartin,bb91825ca33f7ae648f952cd18472ad5,strong,md5
810,michael23,482c811da5d5b4bc6d497ffa98491e38,weak,md5
811,gonzalezkeith,0192023a7bbd73250516f069df18b500,weak,md5
812,mshields,5f4dcc3b5aa765d61d8327deb882cf99,weak,md5
813,burtonsteven,0c288ad5e8d032aca1166b657088124f,passphrase,md5
814,paul24,13259ba3da3786c2c4e912f628478d0b,passphrase,md5
815,emaldonado,2cd4a067538cc605e77148b534ea410f,passphrase,md5
816,mcmillansavannah,a9e189143dbb82529162da3f0b904b7e,random,md5
817,reynoldsamy,26e5cff79357534696a705ac5d320897,strong,md5
818,laura71,0598aea7ec59673e9301e579788c516f,passphrase,md5
819,loganwanda,482c811da5d5b4bc6d497ffa98491e38,weak,md5
820,wvasquez,872d2e6147bc8c8f1d367fedfc2206ce,passphrase,md5
821,ericclark,9cc4f393fc808bd938f5551d4191d49a,weak,md5
822,ellistroy,ba5f153269cf59b5b96279b94a495e6b,medium,md5
823,kristina92,4d54c807d6f1689c8703b5f8d1f2f44d,random,md5
824,ericflores,44f7289298094ffbbd03757ec3f57ba3,medium,md5
825,rwaters,09a62b384689ff0222825c27c2690fac,random,md5
826,pamelahaley,3fc0a7acf087f549ac2b266baf94b8b1,weak,md5
827,deanclark,482c811da5d5b4bc6d497ffa98491e38,weak,md5
828,richardsonjessica,7702ea9d19539b2bc8fdc2736b20caa9,random,md5
829,thomas86,44b8e90610b394e831283af33a89a1cf,strong,md5
830,mmartin,58f0358c3dc99fa8496571bbe8ecd2fa,medium,md5
831,derrick52,3fc0a7acf087f549ac2b266baf94b8b1,weak,md5
832,drakedominique,482c811da5d5b4bc6d497ffa98491e38,weak,md5
833,abigaillevine,b88bb9d2aaf87cfebf1fc6401bab0f0b,passphrase,md5
834,qjones,5a54964736ea0fb73a25a5c0e5bbcea3,medium,md5
835,misty86,0d143c864765181a18b0354941de63e1,strong,md5
836,wesleyroberts,631f2e0bd5d880e8cd0d74b91b0542ee,medium,md5
837,isaiahreynolds,4884431673521f3dd19f020d604075b7,strong,md5
838,huffmannicholas,8592464a11d2b05c2f94c3f9a158b95a,passphrase,md5
839,edavidson,b8a4ec1b4b3b28593f0b7224bc70ffac,random,md5
840,philip23,9f4144df85acd16d94d7d0333519b376,passphrase,md5
841,lanecathy,b4027c6dc4196aa8859b5f64e13aa46b,random,md5
842,jacobsjim,e6c8206bca16da357f663edbff2a051e,strong,md5
843,nancyunderwood,55c74bc7ccb9027cacceeb36e857f050,random,md5
844,richardgreen,0192023a7bbd73250516f069df18b500,weak,md5
845,nolanjohn,e9ea834cd97e861e418bd9b338d6a32b,strong,md5
846,jessicamullen,482c811da5d5b4bc6d497ffa98491e38,weak,md5
847,alex16,539ccd5a0e6dd2b81d9cf5178e1e568c,medium,md5
848,christine65,ae40f4b0e104b1e2685c429561567808,passphrase,md5
849,nhodges,087934b366033ef2ab7d7b0c440b07c5,random,md5
850,craig88,ef5e6fa4feb409620a7a9d7336572cba,passphrase,md5
851,gabriella43,663ea5f65dd414310eaacccf69b3d52b,random,md5
852,montoyaseth,0192023a7bbd73250516f069df18b500,weak,md5
853,coletimothy,f2cf465b2e813ff122477ddee95b60c0,passphrase,md5
854,xbooth,0f9b3b308cf90cd2513058cb6685959c,random,md5
855,sullivantracy,62681d091a1a308b46b06570d326b131,strong,md5
856,walkergregory,f03a0c144ace1c29ce7a26452cfd294b,medium,md5
857,nicole73,60264648ac6500ab5cb414007cc3f7cf,random,md5
858,espinozaamanda,7fab8daad55231ef7069545c5fafa40a,random,md5
859,jonesjennifer,3fc0a7acf087f549ac2b266baf94b8b1,weak,md5
860,fbryant,e10adc3949ba59abbe56e057f20f883e,weak,md5
861,maria36,e10adc3949ba59abbe56e057f20f883e,weak,md5
862,nealpaul,07aa43d71b741867b21a16abf7e1b991,strong,md5
863,rleonard,2714375aa3a59e683da204708f24a6bb,strong,md5
864,paul51,c07029b52dcb488a24cdc9f6bda85af2,passphrase,md5
865,stewartkimberly,ebf73dcde1a1cd1db768ab1a8432b640,strong,md5
866,james60,3f5e200ee231feda7b40cf36a8427f61,random,md5
867,barkercody,c852176009511816ed618c81a0285cb3,medium,md5
868,thomasjensen,482c811da5d5b4bc6d497ffa98491e38,weak,md5
869,cynthia35,8419ccb17044143f97ab5d81778d6e70,medium,md5
870,cortezchelsea,9a4e4f199a77f10db770c2abd0437663,passphrase,md5
871,james08,9007d255aef9936541184a73ee4dedb8,passphrase,md5
872,hogancarlos,5f4dcc3b5aa765d61d8327deb882cf99,weak,md5
873,sherry50,d7127a74aba4d61aeba1c1ea4fb43f87,medium,md5
874,stephenallison,4447ca81fb737e2c4a34b8b306869834,passphrase,md5
875,alec67,5f4dcc3b5aa765d61d8327deb882cf99,weak,md5
876,mcdanielrebecca,54f7158d5359d24684ca27adb847aab2,passphrase,md5
877,scooper,3fc0a7acf087f549ac2b266baf94b8b1,weak,md5
878,dfaulkner,727ba91bc34b41baa4f86a7118222783,passphrase,md5
879,lisataylor,482c811da5d5b4bc6d497ffa98491e38,weak,md5
880,wchavez,0a1874c9ebf3e971b601dedbe514796f,strong,md5
881,stacey54,d0d2e3c983056227037c7d661d587f35,medium,md5
882,jessicajohnson,dcd9bdb0f31c0c23f344213ecc3a9998,random,md5
883,nmclaughlin,b36bd469068cb2a48d5f2194c9f879dd,medium,md5
884,utucker,6da9d008e1c7c209672d69a7b122e496,medium,md5
885,zjohnson,18dafd8a7a675cf00416cdacf5892dc8,random,md5
886,paulfitzpatrick,1601b2eb245e2cd4859ff2a452bd543f,strong,md5
887,nicholas35,e9b2b988569fef2ecfeba737dcd5fa52,passphrase,md5
888,kennedyjames,4ed27b078ada3eb1180e74c88e2c3327,strong,md5
889,greensarah,168de4f36933e0db860069a13442ccf5,strong,md5
890,barajasjames,e77fdd12fa29dee880d3f4a8843dff9f,medium,md5
891,andrew85,a9faf6e1531ec7f7701ed7518c9c442e,random,md5
892,russell95,eb780e06527ccfffef7a272d7bbf930b,random,md5
893,karifloyd,5f4dcc3b5aa765d61d8327deb882cf99,weak,md5
894,riveragregory,f3a05186cefeb9120ad492aa40e90c52,medium,md5
895,stephaniemay,745a11ca8bb166e244cee28d4d44de86,strong,md5
896,spencerlori,9cc4f393fc808bd938f5551d4191d49a,weak,md5
897,velasquezdavid,915c3ae429f00ea7336ab5ffae519032,medium,md5
898,sotojill,82db13d0049b65c90d5c3486f14118d0,random,md5
899,hgeorge,4ab77f4fe0675312bc8e61a1c036328f,random,md5
900,colleen39,bf04b552a0223221e6acd0abd5a74a0a,strong,md5
901,benjamin12,d209f825a6142be234568e37be92fb0f,strong,md5
902,eric61,3fc0a7acf087f549ac2b266baf94b8b1,weak,md5
903,blake26,ee3a0bd91a8bcad8031a4185feeed248,strong,md5
904,luis55,891db4e096ec411e393035929f11389a,strong,md5
905,mchristian,4dc6eddb49d45d3aa6e6c2fcd96b82cf,passphrase,md5
906,gcannon,c4bb417e719d08dfb456b2573ce699c7,strong,md5
907,alexandra90,ff4e9569999c6e38c79f623a4bca109a,strong,md5
908,ashley56,cdf6d3231eb98d1e62ba825abf9da1f3,strong,md5
909,dawngarcia,8ea425bc2f1f8401d6e473fa5eb0ada7,strong,md5
910,melissa14,c5b35c270d8364dc9924fb53bbfd02b6,medium,md5
911,salasjoshua,a3796a453b80ad8cb6f12246e9ce6d96,medium,md5
912,andradevictoria,41b4419c14ad54f132aa8a052e95241b,medium,md5
913,bhale,bef56cecf4ed5f9e74167959b7c865a2,medium,md5
914,william08,2e1874a2b38c5a237aa7b9e29a4bb84c,passphrase,md5
915,theresaburch,1638cfbedb003a848c6e7a23121d9527,strong,md5
916,ericmeyer,0a2f9130e1b05d22b75eb1849681015d,passphrase,md5
917,wmontoya,5f4dcc3b5aa765d61d8327deb882cf99,weak,md5
918,acowan,1e3d3a048217c2606c469da9bb2b9214,medium,md5
919,palmerjose,3fc0a7acf087f549ac2b266baf94b8b1,weak,md5
920,zdiaz,3183d8c9409fefbf3c1726a5a52f563a,passphrase,md5
921,kathrynpowell,e10adc3949ba59abbe56e057f20f883e,weak,md5
922,mcfarlandmichael,8f98a02201ea8e082a36e7e2f030f929,passphrase,md5
923,elizabeth08,aea009184f682e7934273aae4e158b24,random,md5
924,lesliegraves,16989c168fe34cd5ad67ab52c4fc64c0,random,md5
925,susan46,9a4e4f199a77f10db770c2abd0437663,passphrase,md5
926,dbaker,7e3bddd0527a91c47ebcae5bc7c82cca,passphrase,md5
927,christina23,bf0021aa616b30b5d10076f06fa35e52,passphrase,md5
928,warrendeborah,0ac2ba49e61b0a8095c804142e59649f,passphrase,md5
929,lanceavila,5374961e3049f4946765667ca2f79082,medium,md5
930,william93,5aa269e57dc3b575e8bd394b8de92d0e,strong,md5
931,rhondamyers,4d9849e467ac60d9688442954b9a8a73,passphrase,md5
932,marthagreen,f20f10d9b836369186d431f95cf4e362,strong,md5
933,turnerashley,e10adc3949ba59abbe56e057f20f883e,weak,md5
934,hickskrista,e2161b25305fbf571dfa714eb0925d09,passphrase,md5
935,jessicajohnson,780b85838f769da8bd450a6e55c9d5cb,passphrase,md5
936,hglass,ac1787f0849a94653a76ee0ff1de0387,strong,md5
937,khamilton,02b12715dfccafd301162aa51539b4fc,passphrase,md5
938,lmoore,e2dbbf1fafdf6fbfd14e1e5330f1560e,strong,md5
939,xromero,e10adc3949ba59abbe56e057f20f883e,weak,md5
940,moraleskimberly,a83dde21d90cfb19833bf67c680a3219,passphrase,md5
941,bennettandrew,b59f5dfcc91834422fa6b3378a478893,medium,md5
942,gdavis,29c4e59a29212e468d55732f6dca2640,passphrase,md5
943,kelseysmith,7aaa5d204b72c812b0e2098f349f5399,strong,md5
944,williamsveronica,dc6eb6f8aa6be1a0afa473da60de69cd,passphrase,md5
945,elong,c01143436d4ea074d85e50509c2bc5d0,random,md5
946,lgonzalez,3fc0a7acf087f549ac2b266baf94b8b1,weak,md5
947,ccarpenter,033f3bc6f742d85fb74cb365b8cff9fd,medium,md5
948,dianastevens,fb1fa33a5e5f423f34499639dd3389b3,passphrase,md5
949,natashashelton,636ca1c3ad2a060fe9243eaf00686622,medium,md5
950,evanscourtney,6ad4cff0c4d1de02e51b916c0f535a59,passphrase,md5
951,qjackson,0192023a7bbd73250516f069df18b500,weak,md5
952,sheila80,77b857eec6dd12960bf312eaf29a2533,random,md5
953,cindyburnett,3b521beb95aab6e8a8940e58a7f2d857,passphrase,md5
954,nallen,ddbd13e2f9392bea9d33628d689e15d7,medium,md5
955,xandrews,633dca81b1304d4fae3dbd16a85b0dab,medium,md5
956,stevenreed,d9339c2558b4139c8b87c61bd0512adf,passphrase,md5
957,sbenton,e10adc3949ba59abbe56e057f20f883e,weak,md5
958,diazpatrick,c5a4dd3d00b004e8e28f85a74d4287fd,random,md5
959,cdavis,5f4dcc3b5aa765d61d8327deb882cf99,weak,md5
960,fatkins,822a8814a906310010fb331eb659388c,random,md5
961,tyronemcfarland,e10adc3949ba59abbe56e057f20f883e,weak,md5
962,rodriguezdanielle,7c67e7eb5577cd83e4941e024012a0f2,medium,md5
963,mwilkins,9cc4f393fc808bd938f5551d4191d49a,weak,md5
964,barrycook,0192023a7bbd73250516f069df18b500,weak,md5
965,michaelcastro,d75d9c0c2db8c4d37da33554305360b9,random,md5
966,jwhite,86844fc7cd1fcf72a490ab5ebc448319,strong,md5
967,nelsonjeremy,f7ae193ee4b016bd54471710f1d9f171,strong,md5
968,stevensstephen,5da85e33baf13855b04846aca0912549,passphrase,md5
969,usharp,9cc4f393fc808bd938f5551d4191d49a,weak,md5
970,hillwilliam,5f4dcc3b5aa765d61d8327deb882cf99,weak,md5
971,wpetty,f7f0e1ecabc892476ad57db8e84c4027,strong,md5
972,rhodesjames,5da85e33baf13855b04846aca0912549,passphrase,md5
973,jennifercampbell,447550582983b5d447497e113451ac97,strong,md5
974,bryananderson,51aaaf8c332043550bb9d238b29fc099,random,md5
975,chasejason,482c811da5d5b4bc6d497ffa98491e38,weak,md5
976,nguyenkaren,37b931195690d19405b6919ce7d79d5e,passphrase,md5
977,peggysmith,0192023a7bbd73250516f069df18b500,weak,md5
978,hsmith,6898bea7ade7da0d1f394e01dad18be9,strong,md5
979,uallen,5f5374a0f48ec599fd2598ea41a10d21,passphrase,md5
980,hayesalison,a216de795eb071604780cfd914359e2c,random,md5
981,mahoneymary,957b718ba60109ea4df6f60226892edc,passphrase,md5
982,pachecovincent,f68cc15813c861ed1fd37074f36cbb6a,strong,md5
983,katherinevaldez,d652b2945c05ffd1f501d487208604a6,passphrase,md5
984,tbryant,89af5319e864d1564360beca48c3c8f1,random,md5
985,hallbrad,6a2e0825ddb2c29971aebed28c1256c5,medium,md5
986,brettschmitt,f8bdd2a3691d4b01ef8274cf0a530ef8,random,md5
987,matthew06,656bb9b9641c3022dde780c0d097f9a2,random,md5
988,adamscynthia,6b0c3352c2cc1d88d1d82a3e8e564565,passphrase,md5
989,colejames,5e94903d8e7570eecb9dd09be3471156,random,md5
990,tamarahudson,4a295ff57fa7fdc05c4d4ec2da347c69,random,md5
991,esimpson,0cc7bc67cbb08b9ecc24dab34325c126,random,md5
992,angela48,0192023a7bbd73250516f069df18b500,weak,md5
993,popejoseph,e57860f99b303245db086886e38fd30b,strong,md5
994,josephroberts,0748f968c4c4c035ecd779b32b6f3c25,passphrase,md5
995,hutchinsonrobert,9f135f9707ad4265ce773defd9a26bfc,medium,md5
996,joshuacole,aff6e0b1c1b0fcbb8e31a4301d5b60d7,passphrase,md5
997,rachel12,3fc0a7acf087f549ac2b266baf94b8b1,weak,md5
998,dwayne02,0885164a1d292d868a682147d10744dc,random,md5
999,sarahjohnson,ee0fae5529db187becb35cb99b86b30a,strong,md5
1000,kbenjamin,a0179308b6b1eac18648ceab4370ac56,random,md5
