user_id,username,password,category,length
1,cgonzalez,coffee-mountains-rain-forest,passphrase,28
2,mgarcia,password,weak,8
3,gregoryhernandez,qwerty123,weak,9
4,shelly85,PurpleTiger!482,strong,15
5,andrew13,Coffee#99,medium,9
6,daniel26,"l,vp=POROnWibLNN",random,16
7,leslie64,PurpleTiger!482,strong,15
8,francisco64,Denyel2005!,medium,11
9,peter74,123456,weak,6
10,jaredlewis,qwerty123,weak,9
11,andrewmiller,coffee-mountains-rain-forest,passphrase,28
12,mullenronnie,the-moon-shines-over-bhutan,passphrase,27
13,alejandra95,*kM\$[ut8S%[iHsw,random,16
14,carterjoy,admin123,weak,8
15,harrisnathan,Denyel2005!,medium,11
16,suzanne65,"zG""wV[aEuvG/g`1,",random,16
17,deborah10,correct-horse-battery-staple,passphrase,28
18,brandihamilton,admin123,weak,8
19,leonnancy,Summer2026!,medium,11
20,armstrongallison,admin123,weak,8
21,jayala,Bhutan@123,medium,10
22,jenniferwhite,password123,weak,11
23,kristina02,Coffee#99,medium,9
24,kmartinez,"\@u""!95Eq@AZM#/d",random,16
25,youngjessica,"REO';E,'YoqzF/Z0",random,16
26,seth46,coffee-mountains-rain-forest,passphrase,28
27,millerian,Coffee#99,medium,9
28,xgarcia,Denyel2005!,medium,11
29,wrightjoshua,(DM{@tUvoJDKqZ[h,random,16
30,dtodd,"Dc49M[=""0rg^/1BR",random,16
31,ybrown,Bhutan@123,medium,10
32,randalljennifer,Denyel2005!,medium,11
33,williamlane,7A3b$2xfu0Z62(C:,random,16
34,wmiller,Coffee#99,medium,9
35,amy72,password,weak,8
36,vanessa23,password123,weak,11
37,yschneider,"jr#n4Yrf=59""yH{w",random,16
38,charlesperkins,Summer2026!,medium,11
39,vwhite,football2025,weak,12
40,ronnie21,Coffee#99,medium,9
41,terri53,d(-w(k?^QGEy;9be,random,16
42,foleydeborah,"S,Mv:P)_#1\8=aZe",random,16
43,stewartshannon,Bhutan@123,medium,10
44,jenkinsvicki,CyberDefense#2026,strong,17
45,aguilareduardo,Bhutan@123,medium,10
46,lauren34,qwerty123,weak,9
47,hallalexis,{['#D>(#x%jd?!(5,random,16
48,jhuynh,PurpleTiger!482,strong,15
49,johnsondawn,password,weak,8
50,lisamullins,CyberDefense#2026,strong,17
51,lopezjoanne,correct-horse-battery-staple,passphrase,28
52,daviscurtis,CyberDefense#2026,strong,17
53,raymatthew,:]6+)M-UFJ$5GPWI,random,16
54,andersonangela,CyberDefense#2026,strong,17
55,jeremiah02,Mountain-River-Sky-92,strong,21
56,julie98,Denyel2005!,medium,11
57,wardmegan,coffee-mountains-rain-forest,passphrase,28
58,geoffrey98,the-moon-shines-over-bhutan,passphrase,27
59,jeffery96,"ef?,}dd2g\H<n4B/",random,16
60,qadkins,Denyel2005!,medium,11
61,ijones,CyberDefense#2026,strong,17
62,lwilliams,qwerty123,weak,9
63,terrelltammy,password123,weak,11
64,marypowell,!-4kMBl6/Tr`hTsC,random,16
65,alan41,Summer2026!,medium,11
66,colonphillip,Coffee#99,medium,9
67,phillip09,the-moon-shines-over-bhutan,passphrase,27
68,hollyoconnor,PurpleTiger!482,strong,15
69,mitchellbeverly,Mountain-River-Sky-92,strong,21
70,dennismitchell,correct-horse-battery-staple,passphrase,28
71,lindsay03,Mountain-River-Sky-92,strong,21
72,stephaniewilliams,password,weak,8
73,obowen,CyberDefense#2026,strong,17
74,markrivera,123456,weak,6
75,mary68,coffee-mountains-rain-forest,passphrase,28
76,colemanrichard,coffee-mountains-rain-forest,passphrase,28
77,jaredbernard,#B_^W|%6e#%~1+#Y,random,16
78,ynixon,coffee-mountains-rain-forest,passphrase,28
79,pamelairwin,;JB5^<9xdJ+/Y1x^,random,16
80,alexander92,Denyel2005!,medium,11
81,lacey81,Mountain-River-Sky-92,strong,21
82,smithmichael,football2025,weak,12
83,zbarnes,_H(SzW>VHv^TH[A~,random,16
84,peter82,PPvL&;q59HNVkrJO,random,16
85,wbowen,CyberDefense#2026,strong,17
86,michaelthomas,$3**ZUW1/cK<Jy3L,random,16
87,emcdonald,Mountain-River-Sky-92,strong,21
88,dawnclark,Coffee#99,medium,9
89,othomas,correct-horse-battery-staple,passphrase,28
90,clarkmark,qwerty123,weak,9
91,biancaboyer,J-44nB-LH?>j5j?h,random,16
92,erinwhite,CyberDefense#2026,strong,17
93,jason47,coffee-mountains-rain-forest,passphrase,28
94,oochoa,"T'W0DU4{^&,%Q{]j",random,16
95,ilane,CyberDefense#2026,strong,17
96,sclark,Summer2026!,medium,11
97,kirkbrandon,admin123,weak,8
98,kenneth16,password123,weak,11
99,dustinosborne,"H)vjruK3=%^""IO~M",random,16
100,wilsonbrittany,"\bDmru""?2kda9i;z",random,16
101,kingsteven,Bhutan@123,medium,10
102,lucassmith,Mountain-River-Sky-92,strong,21
103,matthew60,correct-horse-battery-staple,passphrase,28
104,rgarza,~m[ZWtx|wMi$y9ro,random,16
105,logan64,123456,weak,6
106,gallegosmonica,password123,weak,11
107,millerelizabeth,coffee-mountains-rain-forest,passphrase,28
108,mckenzielopez,PurpleTiger!482,strong,15
109,ymcdowell,Summer2026!,medium,11
110,ynolan,coffee-mountains-rain-forest,passphrase,28
111,rodriguezdavid,correct-horse-battery-staple,passphrase,28
112,donna54,PurpleTiger!482,strong,15
113,jessica99,Mountain-River-Sky-92,strong,21
114,ebrown,coffee-mountains-rain-forest,passphrase,28
115,meltonmakayla,%8=`O;'$(:chw^-O,random,16
116,helen79,PurpleTiger!482,strong,15
117,wwilliams,qwerty123,weak,9
118,harperchristine,password,weak,8
119,adambyrd,coffee-mountains-rain-forest,passphrase,28
120,michelle91,coffee-mountains-rain-forest,passphrase,28
121,john17,the-moon-shines-over-bhutan,passphrase,27
122,erodriguez,football2025,weak,12
123,stevegrant,correct-horse-battery-staple,passphrase,28
124,manningrose,{L9wW\QY+1R!%vwY,random,16
125,scarter,Summer2026!,medium,11
126,schmidtjoseph,Summer2026!,medium,11
127,vasquezanthony,CyberDefense#2026,strong,17
128,elizabethsavage,Bhutan@123,medium,10
129,stephaniewilliams,Denyel2005!,medium,11
130,william06,the-moon-shines-over-bhutan,passphrase,27
131,gcarey,admin123,weak,8
132,taylortina,nA-wcIwnW:>fg|^^,random,16
133,xtran,Mountain-River-Sky-92,strong,21
134,jessica42,the-moon-shines-over-bhutan,passphrase,27
135,bbeck,correct-horse-battery-staple,passphrase,28
136,heather02,fOesRV\?%N0[>Y>J,random,16
137,lindaherring,password123,weak,11
138,johnnguyen,Bhutan@123,medium,10
139,hhanna,football2025,weak,12
140,lori11,Denyel2005!,medium,11
141,henrygordon,Bhutan@123,medium,10
142,brenda03,PurpleTiger!482,strong,15
143,bpreston,Coffee#99,medium,9
144,bradleypatrick,the-moon-shines-over-bhutan,passphrase,27
145,hodgeskevin,the-moon-shines-over-bhutan,passphrase,27
146,kimberlyramirez,the-moon-shines-over-bhutan,passphrase,27
147,cheryl10,correct-horse-battery-staple,passphrase,28
148,ramirezmichael,Mountain-River-Sky-92,strong,21
149,stevenpalmer,PurpleTiger!482,strong,15
150,malonebrandi,:<Qq3MA6OmsO!YRI,random,16
151,caitlin14,CyberDefense#2026,strong,17
152,susanvasquez,Summer2026!,medium,11
153,stephanie19,the-moon-shines-over-bhutan,passphrase,27
154,vasqueztrevor,qwerty123,weak,9
155,bsingleton,coffee-mountains-rain-forest,passphrase,28
156,rgonzales,the-moon-shines-over-bhutan,passphrase,27
157,nathanielgraham,coffee-mountains-rain-forest,passphrase,28
158,larry67,PurpleTiger!482,strong,15
159,wmartinez,CyberDefense#2026,strong,17
160,sharontaylor,PurpleTiger!482,strong,15
161,cookcurtis,password,weak,8
162,tiffanygould,Bhutan@123,medium,10
163,melissapatterson,football2025,weak,12
164,martin78,Bhutan@123,medium,10
165,pagebrenda,password123,weak,11
166,frederick42,Coffee#99,medium,9
167,jacob81,correct-horse-battery-staple,passphrase,28
168,hberger,CyberDefense#2026,strong,17
169,goldentony,Summer2026!,medium,11
170,wrogers,password123,weak,11
171,scott57,PurpleTiger!482,strong,15
172,westsummer,admin123,weak,8
173,nicholejohnson,Bhutan@123,medium,10
174,santanakyle,"c%-k<8h%j!e6z""}C",random,16
175,dstewart,correct-horse-battery-staple,passphrase,28
176,haleleon,correct-horse-battery-staple,passphrase,28
177,leeschmitt,football2025,weak,12
178,crossmichael,qwerty123,weak,9
179,shellymata,Coffee#99,medium,9
180,qwilson,coffee-mountains-rain-forest,passphrase,28
181,debbiehubbard,2j7[L-rHfs'&Fq=/,random,16
182,marcus20,PurpleTiger!482,strong,15
183,etaylor,Summer2026!,medium,11
184,cruzamber,Mountain-River-Sky-92,strong,21
185,brownmary,the-moon-shines-over-bhutan,passphrase,27
186,flemingantonio,the-moon-shines-over-bhutan,passphrase,27
187,apeterson,correct-horse-battery-staple,passphrase,28
188,petersmith,Summer2026!,medium,11
189,oparrish,CyberDefense#2026,strong,17
190,jenniferroach,eds^alaY9pW4\~yg,random,16
191,abryant,fMz#3qL&lr}Cb|+O,random,16
192,randy77,coffee-mountains-rain-forest,passphrase,28
193,johnsonryan,Mountain-River-Sky-92,strong,21
194,ginarodriguez,password,weak,8
195,lauren35,password123,weak,11
196,medinasharon,correct-horse-battery-staple,passphrase,28
197,johnsonaaron,CyberDefense#2026,strong,17
198,leonapril,Summer2026!,medium,11
199,dward,correct-horse-battery-staple,passphrase,28
200,dixonrandall,Summer2026!,medium,11
201,bellkim,PurpleTiger!482,strong,15
202,pflynn,Bhutan@123,medium,10
203,christopherwheeler,coffee-mountains-rain-forest,passphrase,28
204,fcarter,password123,weak,11
205,stephensonrichard,$|D*>HSiVS!N)Qe5,random,16
206,amythompson,the-moon-shines-over-bhutan,passphrase,27
207,rodriguezsean,t{[9>iN>+S98/DHu,random,16
208,icooley,7+y#>ag4SI+GovXA,random,16
209,gwilcox,PurpleTiger!482,strong,15
210,ahughes,coffee-mountains-rain-forest,passphrase,28
211,susannorris,qwerty123,weak,9
212,turneradrian,the-moon-shines-over-bhutan,passphrase,27
213,lrichardson,the-moon-shines-over-bhutan,passphrase,27
214,gmacias,Mountain-River-Sky-92,strong,21
215,eenglish,the-moon-shines-over-bhutan,passphrase,27
216,troy71,CyberDefense#2026,strong,17
217,cfoster,l@7Nz\\|1`=!.C{c,random,16
218,amanda95,Bhutan@123,medium,10
219,robertbush,PurpleTiger!482,strong,15
220,omorris,correct-horse-battery-staple,passphrase,28
221,austin54,PurpleTiger!482,strong,15
222,bsantana,PurpleTiger!482,strong,15
223,amorris,Bhutan@123,medium,10
224,michaelyoung,password,weak,8
225,garciaelizabeth,password,weak,8
226,browntracey,qwerty123,weak,9
227,gayala,pW-6C<w*g[vb=k=J,random,16
228,amanda50,PurpleTiger!482,strong,15
229,russell28,coffee-mountains-rain-forest,passphrase,28
230,qguerrero,DV2K5E#{iIwQ$X<5,random,16
231,georgeangela,123456,weak,6
232,brittany62,Mountain-River-Sky-92,strong,21
233,matthewvalenzuela,Summer2026!,medium,11
234,dana50,g-}TFxxv!a<t<wsq,random,16
235,atkinsonpaul,correct-horse-battery-staple,passphrase,28
236,roberthawkins,O^\<M;1)$)+;&+.S,random,16
237,justin37,r16:Z4;.lYPQIGu},random,16
238,ddouglas,"}fXh,9:+9~*w_]c[",random,16
239,brodriguez,PurpleTiger!482,strong,15
240,hhill,PurpleTiger!482,strong,15
241,melissa15,nC{+l$tzQ~iJA2J<,random,16
242,melissa95,password,weak,8
243,isaiahanderson,CyberDefense#2026,strong,17
244,christopher98,Summer2026!,medium,11
245,lauren53,Mountain-River-Sky-92,strong,21
246,margaret97,football2025,weak,12
247,lauragomez,coffee-mountains-rain-forest,passphrase,28
248,fperez,"}oH7,MG2:KM.0EWL",random,16
249,stacythompson,k_<iT&ek$7!=wq25,random,16
250,jacobrodriguez,the-moon-shines-over-bhutan,passphrase,27
251,wjones,the-moon-shines-over-bhutan,passphrase,27
252,melissa51,Coffee#99,medium,9
253,burnsanthony,123456,weak,6
254,martha60,qwerty123,weak,9
255,justin20,CyberDefense#2026,strong,17
256,fjacobs,password123,weak,11
257,langjeanette,Z+WH@&i>z!)+BSgX,random,16
258,ywilson,Denyel2005!,medium,11
259,allenbrian,coffee-mountains-rain-forest,passphrase,28
260,ihughes,Bhutan@123,medium,10
261,raymonddavis,0my5FGF+zen}yqbR,random,16
262,sanchezlinda,Denyel2005!,medium,11
263,sherry06,#^e&-N8HZ7%9eH9u,random,16
264,stewartstephanie,the-moon-shines-over-bhutan,passphrase,27
265,trevorbradford,correct-horse-battery-staple,passphrase,28
266,oray,GMN:WQbKdwZiu?1(,random,16
267,pjones,CyberDefense#2026,strong,17
268,tonya28,7]IsSpm0Mo[SWE6?,random,16
269,helen57,qwerty123,weak,9
270,richard65,"ZCL)7m""VNG&O1K&""",random,16
271,samanthaharrison,Mountain-River-Sky-92,strong,21
272,powersmichelle,Coffee#99,medium,9
273,bernard92,Denyel2005!,medium,11
274,michelle25,123456,weak,6
275,patricia11,"9Wy9;bCY/;G._<#,",random,16
276,daykelly,Mountain-River-Sky-92,strong,21
277,madison83,correct-horse-battery-staple,passphrase,28
278,ramosemily,1{h5MWHoI!*OD`yQ,random,16
279,thompsonlisa,Mountain-River-Sky-92,strong,21
280,wellskathleen,Coffee#99,medium,9
281,bcoleman,the-moon-shines-over-bhutan,passphrase,27
282,coxronald,Summer2026!,medium,11
283,rbennett,correct-horse-battery-staple,passphrase,28
284,clarkjennifer,Bhutan@123,medium,10
285,taylorfred,Mountain-River-Sky-92,strong,21
286,dawngibbs,`EzpS?6)1Ii=`+o1,random,16
287,andrew17,CyberDefense#2026,strong,17
288,stacydawson,Bhutan@123,medium,10
289,wnelson,PurpleTiger!482,strong,15
290,tracey54,";\7`w)U,'+cevZ]y",random,16
291,tina85,coffee-mountains-rain-forest,passphrase,28
292,floreskathryn,coffee-mountains-rain-forest,passphrase,28
293,wheelerjane,coffee-mountains-rain-forest,passphrase,28
294,paulvillegas,"L4@KUBS\Cf'O%fx,",random,16
295,noblemichael,|=}!\{B+CBXml?J*,random,16
296,davisnicholas,"^MfUT^rQ{,Hd2a2[",random,16
297,mark91,coffee-mountains-rain-forest,passphrase,28
298,simmonsnicole,CyberDefense#2026,strong,17
299,cameronangela,correct-horse-battery-staple,passphrase,28
300,haleybutler,the-moon-shines-over-bhutan,passphrase,27
301,kwilliams,correct-horse-battery-staple,passphrase,28
302,gyoung,Mountain-River-Sky-92,strong,21
303,longjames,123456,weak,6
304,cruzjoseph,1ru=.m^.3Ih`^_d7,random,16
305,lukegonzalez,football2025,weak,12
306,joan49,correct-horse-battery-staple,passphrase,28
307,heather17,password123,weak,11
308,andrearoberts,Coffee#99,medium,9
309,wrichards,coffee-mountains-rain-forest,passphrase,28
310,robert93,veu+17Fa:_~sZ%B&,random,16
311,ewallace,the-moon-shines-over-bhutan,passphrase,27
312,arthur47,PurpleTiger!482,strong,15
313,yolandasolis,Summer2026!,medium,11
314,samuel36,Bhutan@123,medium,10
315,bbaird,PurpleTiger!482,strong,15
316,hollandjames,cdL`N^dR9`ZFDJ4f,random,16
317,todd74,admin123,weak,8
318,jennifer92,coffee-mountains-rain-forest,passphrase,28
319,msmith,qwerty123,weak,9
320,yweaver,N-*0:k!cp:D[M$6J,random,16
321,gilbertjoseph,PurpleTiger!482,strong,15
322,jenniferreid,the-moon-shines-over-bhutan,passphrase,27
323,drobinson,PurpleTiger!482,strong,15
324,vbridges,PurpleTiger!482,strong,15
325,heathererickson,CyberDefense#2026,strong,17
326,carolyn98,JGg:qnb^H%P)Rq|x,random,16
327,petersamy,123456,weak,6
328,ccraig,the-moon-shines-over-bhutan,passphrase,27
329,wrightjohn,Denyel2005!,medium,11
330,oconnellamber,coffee-mountains-rain-forest,passphrase,28
331,hernandezjoshua,admin123,weak,8
332,agoodman,football2025,weak,12
333,robin33,eUbXmo*3p`9-8^qZ,random,16
334,dvalentine,qwerty123,weak,9
335,daguilar,Coffee#99,medium,9
336,dgeorge,password,weak,8
337,markprice,the-moon-shines-over-bhutan,passphrase,27
338,ericruiz,correct-horse-battery-staple,passphrase,28
339,uboyd,#M~_$.Oe7dC$XI<h,random,16
340,youngjennifer,-k!n+<=[V$^#JV|+,random,16
341,mporter,TFs6liv:}!y{VUD+,random,16
342,zgutierrez,password,weak,8
343,sheila78,")II~Dr6qsp=g1""<A",random,16
344,whiteshawn,"RA""m=Iq[P-pxOp=&",random,16
345,wgomez,qwerty123,weak,9
346,donaldherring,/UNd2NKgLR>E/8B/,random,16
347,stephen17,the-moon-shines-over-bhutan,passphrase,27
348,smithtonya,Mountain-River-Sky-92,strong,21
349,martinezcrystal,admin123,weak,8
350,davisalisha,admin123,weak,8
351,pamelakelly,Summer2026!,medium,11
352,leedavid,Denyel2005!,medium,11
353,lisa17,admin123,weak,8
354,kimberlywhite,football2025,weak,12
355,elizabethreeves,the-moon-shines-over-bhutan,passphrase,27
356,xnorman,Summer2026!,medium,11
357,kenneth43,correct-horse-battery-staple,passphrase,28
358,daniel29,the-moon-shines-over-bhutan,passphrase,27
359,carolstanley,CyberDefense#2026,strong,17
360,adamwilliams,Summer2026!,medium,11
361,kimberly33,Mountain-River-Sky-92,strong,21
362,michaelfrazier,the-moon-shines-over-bhutan,passphrase,27
363,zconner,$fvs9V0ZD$+JJ3`T,random,16
364,anthonychristensen,admin123,weak,8
365,wwhitaker,football2025,weak,12
366,weekskimberly,wKRy7XPndTd=S`pQ,random,16
367,kathryn98,"=wpSJ@1&j""oJ.$yD",random,16
368,earlmiller,football2025,weak,12
369,timothy29,K{Oldbg;0ukg61!y,random,16
370,angelaward,correct-horse-battery-staple,passphrase,28
371,jamiehutchinson,correct-horse-battery-staple,passphrase,28
372,xoneill,football2025,weak,12
373,crystalmckay,coffee-mountains-rain-forest,passphrase,28
374,robertwilliams,123456,weak,6
375,alexandriajenkins,DCdty(DEQ98b1$S5,random,16
376,dennis00,the-moon-shines-over-bhutan,passphrase,27
377,nicolelivingston,CyberDefense#2026,strong,17
378,pameladecker,correct-horse-battery-staple,passphrase,28
379,weisserica,Summer2026!,medium,11
380,daviskaren,Mountain-River-Sky-92,strong,21
381,aevans,correct-horse-battery-staple,passphrase,28
382,ppeterson,password123,weak,11
383,jacksonsusan,the-moon-shines-over-bhutan,passphrase,27
384,hlee,admin123,weak,8
385,brianwade,the-moon-shines-over-bhutan,passphrase,27
386,uperez,Bhutan@123,medium,10
387,zjones,Bhutan@123,medium,10
388,matthewmorris,Summer2026!,medium,11
389,maria95,qwerty123,weak,9
390,spearskeith,correct-horse-battery-staple,passphrase,28
391,charlessuarez,Coffee#99,medium,9
392,rhughes,CyberDefense#2026,strong,17
393,patricia54,Summer2026!,medium,11
394,xmeza,TatMx#p@8!v6Q^S;,random,16
395,beckermichael,Mountain-River-Sky-92,strong,21
396,timothycallahan,%Ij2q+;nPfECh=Te,random,16
397,afowler,"kR|""^^7Jt8f^$MB,",random,16
398,jodidavis,Summer2026!,medium,11
399,griffinscott,>qrME&$G_-nQim/e,random,16
400,danielle65,the-moon-shines-over-bhutan,passphrase,27
401,icoleman,Bhutan@123,medium,10
402,judithbrown,PurpleTiger!482,strong,15
403,eric42,]^r*@`ebDFVD*5B',random,16
404,rgibson,;<g'<+30EC_ytH)\,random,16
405,christopheranderson,coffee-mountains-rain-forest,passphrase,28
406,lisawheeler,Coffee#99,medium,9
407,edward31,}#`!!X+b}a)>=_xI,random,16
408,walterjeffrey,4|fJJXFQ&4b*u.M_,random,16
409,ewarren,PurpleTiger!482,strong,15
410,jackierobertson,the-moon-shines-over-bhutan,passphrase,27
411,kristenbell,coffee-mountains-rain-forest,passphrase,28
412,amygentry,football2025,weak,12
413,mdiaz,Denyel2005!,medium,11
414,csantos,CyberDefense#2026,strong,17
415,michael30,Mountain-River-Sky-92,strong,21
416,pmills,Denyel2005!,medium,11
417,rcollins,Denyel2005!,medium,11
418,jacob21,"|tszqdw""Mz;XbtHp",random,16
419,qmarquez,hMcN(Jo?7`|9T(`W,random,16
420,cynthiatorres,Bhutan@123,medium,10
421,georgesaunders,password,weak,8
422,collinhayes,123456,weak,6
423,adamsmith,football2025,weak,12
424,crystal21,password,weak,8
425,emily86,Coffee#99,medium,9
426,asantiago,correct-horse-battery-staple,passphrase,28
427,opitts,Mountain-River-Sky-92,strong,21
428,thompsonjackson,;p]E(i/)(z]8En+F,random,16
429,mitchellrichard,CyberDefense#2026,strong,17
430,jordanpatrick,CyberDefense#2026,strong,17
431,qmartinez,/aR{uYzxaAJX08Ih,random,16
432,danielsalex,Summer2026!,medium,11
433,krystal51,&&lX6JrX3qFZLN&m,random,16
434,wdavis,Mountain-River-Sky-92,strong,21
435,qbrown,Denyel2005!,medium,11
436,carlos18,Mountain-River-Sky-92,strong,21
437,anorris,CyberDefense#2026,strong,17
438,jose66,Byej?pONSo|S#e#_,random,16
439,ehenry,the-moon-shines-over-bhutan,passphrase,27
440,yweaver,Bhutan@123,medium,10
441,rhonda18,password123,weak,11
442,chad82,qwerty123,weak,9
443,gregoryholland,qwerty123,weak,9
444,bushpeter,Coffee#99,medium,9
445,woodsjoseph,coffee-mountains-rain-forest,passphrase,28
446,mvasquez,Coffee#99,medium,9
447,bethwright,Bhutan@123,medium,10
448,stephen73,qwerty123,weak,9
449,ghernandez,y{D_sETy\%Vakkw],random,16
450,sharrison,football2025,weak,12
451,howellkevin,coffee-mountains-rain-forest,passphrase,28
452,edwardbryant,Bhutan@123,medium,10
453,annhawkins,PurpleTiger!482,strong,15
454,alexandriamccarthy,coffee-mountains-rain-forest,passphrase,28
455,gortiz,M8)!C1]1s&:|#U-l,random,16
456,whitekathleen,CyberDefense#2026,strong,17
457,carlawells,Summer2026!,medium,11
458,shirley93,football2025,weak,12
459,jennifer48,the-moon-shines-over-bhutan,passphrase,27
460,raymond71,Mountain-River-Sky-92,strong,21
461,lhayes,qwerty123,weak,9
462,piercegordon,PurpleTiger!482,strong,15
463,jessica99,coffee-mountains-rain-forest,passphrase,28
464,dianeburton,correct-horse-battery-staple,passphrase,28
465,lberry,password123,weak,11
466,christy51,2cCyg-Wd]?%V(V{@,random,16
467,hansonamanda,admin123,weak,8
468,bbuck,the-moon-shines-over-bhutan,passphrase,27
469,neverett,the-moon-shines-over-bhutan,passphrase,27
470,webbdavid,Denyel2005!,medium,11
471,jennifer29,123456,weak,6
472,navarrojoe,password,weak,8
473,tanya33,123456,weak,6
474,katrina88,coffee-mountains-rain-forest,passphrase,28
475,eflynn,123456,weak,6
476,briannabenson,correct-horse-battery-staple,passphrase,28
477,agreene,123456,weak,6
478,williamscody,123456,weak,6
479,zlee,qwerty123,weak,9
480,joseph84,password123,weak,11
481,janet85,Summer2026!,medium,11
482,gwalker,"PI;l&F_p$yF{B,):",random,16
483,cynthiasimon,Coffee#99,medium,9
484,james64,"""P*bOT-1.:ET|guV",random,16
485,dadams,CyberDefense#2026,strong,17
486,tiffanygarcia,PurpleTiger!482,strong,15
487,courtneystewart,Y:_K3CE3&b@JSJ(o,random,16
488,alexander57,PurpleTiger!482,strong,15
489,bradshawemily,qwerty123,weak,9
490,rollinskristen,admin123,weak,8
491,ttran,football2025,weak,12
492,warrenheather,F$G=6Zhw}IrXzeq\,random,16
493,loganjones,correct-horse-battery-staple,passphrase,28
494,rhill,Denyel2005!,medium,11
495,xjennings,Mountain-River-Sky-92,strong,21
496,christophershelton,PurpleTiger!482,strong,15
497,justintaylor,5^l^p9jO=?p+z*UP,random,16
498,blankenshipsharon,123456,weak,6
499,rwalls,Denyel2005!,medium,11
500,beltrandavid,Coffee#99,medium,9
501,richardyoung,coffee-mountains-rain-forest,passphrase,28
502,snunez,password,weak,8
503,hgonzalez,Denyel2005!,medium,11
504,qhall,the-moon-shines-over-bhutan,passphrase,27
505,baxternicole,"k,hqnnB0oq^<F|o=",random,16
506,jesusmorgan,qwerty123,weak,9
507,cacevedo,PurpleTiger!482,strong,15
508,heathersolomon,CyberDefense#2026,strong,17
509,matthewchavez,123456,weak,6
510,ericjacobs,"].ZN(*5bH,E)rJe7",random,16
511,amanda50,qwerty123,weak,9
512,matthewwest,3yti&@hG5NJb5b9|,random,16
513,nhiggins,CyberDefense#2026,strong,17
514,lsmith,Bhutan@123,medium,10
515,williammccall,Coffee#99,medium,9
516,cody55,Mountain-River-Sky-92,strong,21
517,buckleymatthew,Summer2026!,medium,11
518,christine96,coffee-mountains-rain-forest,passphrase,28
519,jonesrandall,"%:`J0Y%DB'e4""f:^",random,16
520,rpowell,Mountain-River-Sky-92,strong,21
521,robert48,"V)QOxbkT""f!N<r-)",random,16
522,cwhite,Bhutan@123,medium,10
523,ycarroll,Mountain-River-Sky-92,strong,21
524,pparker,;VNN@5UTcMgU6%$v,random,16
525,wendydaniels,Coffee#99,medium,9
526,thomasdonna,vo6*Y.L;Qp{0b~2+,random,16
527,lewisnicholas,Bhutan@123,medium,10
528,jamestorres,correct-horse-battery-staple,passphrase,28
529,smithheather,fC:O78G`yqa@]=ox,random,16
530,rlopez,123456,weak,6
531,flove,Mountain-River-Sky-92,strong,21
532,olamb,the-moon-shines-over-bhutan,passphrase,27
533,mooneyjesus,correct-horse-battery-staple,passphrase,28
534,davisshirley,admin123,weak,8
535,carrie08,the-moon-shines-over-bhutan,passphrase,27
536,wadejoseph,the-moon-shines-over-bhutan,passphrase,27
537,obrienjeffery,qwerty123,weak,9
538,johnkline,football2025,weak,12
539,rachelcole,the-moon-shines-over-bhutan,passphrase,27
540,haleymoore,Summer2026!,medium,11
541,williamselizabeth,PurpleTiger!482,strong,15
542,pagekelly,Mountain-River-Sky-92,strong,21
543,vsimmons,Mountain-River-Sky-92,strong,21
544,otate,123456,weak,6
545,kirkmary,PurpleTiger!482,strong,15
546,garzacarol,OYO4@r0d#)trhK.>,random,16
547,slane,PurpleTiger!482,strong,15
548,iward,Coffee#99,medium,9
549,fowlerjeffrey,Denyel2005!,medium,11
550,judyblack,Gu3QR`[bYud=0$on,random,16
551,michael67,Coffee#99,medium,9
552,ashley14,aZ+nEO|qgzSXbK8G,random,16
553,garylamb,CyberDefense#2026,strong,17
554,gabriela95,qwerty123,weak,9
555,fparsons,Mountain-River-Sky-92,strong,21
556,alvarezmichael,coffee-mountains-rain-forest,passphrase,28
557,gregoryschmidt,Summer2026!,medium,11
558,jason52,Bhutan@123,medium,10
559,wendy85,CyberDefense#2026,strong,17
560,whayes,"z7=sJGn'ExBT8,Gn",random,16
561,rebecca63,"3h|'wWez_,W#hG]*",random,16
562,gfowler,Bhutan@123,medium,10
563,wilkinsonaaron,Denyel2005!,medium,11
564,michael45,password123,weak,11
565,danielle34,password,weak,8
566,devinmiller,Zb3NE-yn9mC|705k,random,16
567,kimberlyvilla,<p]}qPr&%^XxSvZW,random,16
568,kathleen22,PurpleTiger!482,strong,15
569,richardsavage,Summer2026!,medium,11
570,noliver,Bhutan@123,medium,10
571,blake25,correct-horse-battery-staple,passphrase,28
572,ronald61,football2025,weak,12
573,williamholt,admin123,weak,8
574,pfinley,123456,weak,6
575,robertduran,admin123,weak,8
576,olivia90,Bhutan@123,medium,10
577,haynesalyssa,football2025,weak,12
578,melissasanchez,"G=3>"")4B@}T>}c""1",random,16
579,audreysteele,password,weak,8
580,annahaley,Mountain-River-Sky-92,strong,21
581,thomasburns,Mountain-River-Sky-92,strong,21
582,kwest,CyberDefense#2026,strong,17
583,hhill,admin123,weak,8
584,astrickland,PurpleTiger!482,strong,15
585,randy87,admin123,weak,8
586,amandaholden,Bhutan@123,medium,10
587,ibarr,correct-horse-battery-staple,passphrase,28
588,rayjacob,correct-horse-battery-staple,passphrase,28
589,daviscameron,football2025,weak,12
590,stoneclaire,"(s[""!(O)!mmvQ|(c",random,16
591,jaredwilson,the-moon-shines-over-bhutan,passphrase,27
592,swilliams,the-moon-shines-over-bhutan,passphrase,27
593,barbaragomez,hJxD_9~#9)+~Q{GN,random,16
594,lward,football2025,weak,12
595,montoyaashley,"u,5{C!O3(_tU,w{{",random,16
596,martinjeffrey,123456,weak,6
597,yking,admin123,weak,8
598,njones,zS]&nZnf:7HCOgnY,random,16
599,kellihayden,the-moon-shines-over-bhutan,passphrase,27
600,jgonzalez,Mountain-River-Sky-92,strong,21
601,ohampton,admin123,weak,8
602,allencolleen,Th7|84P<pXon~uC8,random,16
603,sarah99,CyberDefense#2026,strong,17
604,ofoley,correct-horse-battery-staple,passphrase,28
605,stephanie04,Coffee#99,medium,9
606,xkoch,Bhutan@123,medium,10
607,kchung,PurpleTiger!482,strong,15
608,karen56,admin123,weak,8
609,qparsons,password123,weak,11
610,hjones,PurpleTiger!482,strong,15
611,alexandria40,coffee-mountains-rain-forest,passphrase,28
612,kendrahansen,wN1iL~4+>]BCL>s\,random,16
613,jcarr,**k@rW!1xU>JIW!Y,random,16
614,econtreras,Denyel2005!,medium,11
615,russoryan,5b!aP}'Nr0*M}&?_,random,16
616,davismelissa,CyberDefense#2026,strong,17
617,gsmith,Denyel2005!,medium,11
618,vward,py6l_XogD?>\Wr!i,random,16
619,kaitlyn44,Bhutan@123,medium,10
620,gary41,correct-horse-battery-staple,passphrase,28
621,michelle54,password,weak,8
622,urobbins,the-moon-shines-over-bhutan,passphrase,27
623,rebecca03,correct-horse-battery-staple,passphrase,28
624,haley48,e<vx$ft`?k0YEa1k,random,16
625,kellygriffin,e-F?;>v=ku+.3-l?,random,16
626,iancervantes,coffee-mountains-rain-forest,passphrase,28
627,griffithwilliam,coffee-mountains-rain-forest,passphrase,28
628,wardstephanie,/|}+\R#z]8NrBS&5,random,16
629,dbishop,Bhutan@123,medium,10
630,franciscomckee,correct-horse-battery-staple,passphrase,28
631,bonniewatkins,the-moon-shines-over-bhutan,passphrase,27
632,mbarnes,PurpleTiger!482,strong,15
633,christophertaylor,JT6x!OVO$&Vte%4c,random,16
634,rperez,qwerty123,weak,9
635,davispaige,Denyel2005!,medium,11
636,dakota07,Coffee#99,medium,9
637,michaelmoore,"s'J!I|oa,<7T96rw",random,16
638,lisawebb,Bhutan@123,medium,10
639,jesus21,Bhutan@123,medium,10
640,davidbrent,Coffee#99,medium,9
641,lisafreeman,qwerty123,weak,9
642,kristymoore,{u]YU}g3\j8-gr|I,random,16
643,bailey23,correct-horse-battery-staple,passphrase,28
644,joan67,CyberDefense#2026,strong,17
645,bross,PurpleTiger!482,strong,15
646,emendez,coffee-mountains-rain-forest,passphrase,28
647,heatherstanley,Denyel2005!,medium,11
648,kbrown,password123,weak,11
649,debra66,123456,weak,6
650,ortizbruce,Coffee#99,medium,9
651,dyerwayne,coffee-mountains-rain-forest,passphrase,28
652,keithgutierrez,123456,weak,6
653,grocha,admin123,weak,8
654,pruittcrystal,PurpleTiger!482,strong,15
655,connerjeffrey,the-moon-shines-over-bhutan,passphrase,27
656,kimberlygoodman,password123,weak,11
657,sharonwilson,the-moon-shines-over-bhutan,passphrase,27
658,smedina,PurpleTiger!482,strong,15
659,laracassidy,Coffee#99,medium,9
660,williamskendra,the-moon-shines-over-bhutan,passphrase,27
661,lowejennifer,PurpleTiger!482,strong,15
662,oliverbrenda,the-moon-shines-over-bhutan,passphrase,27
663,roberta78,qwerty123,weak,9
664,benjaminnelson,123456,weak,6
665,kathy81,Bhutan@123,medium,10
666,hclarke,]pCV5>Rn/AW^#$fV,random,16
667,audrey86,U}4C4iBJZFO>z9]5,random,16
668,lisamack,password,weak,8
669,robert27,123456,weak,6
670,emily00,PurpleTiger!482,strong,15
671,elizabeth50,CyberDefense#2026,strong,17
672,mmartinez,"egZ""jpo~EM=UlD$C",random,16
673,nataliewarren,PurpleTiger!482,strong,15
674,dlopez,Coffee#99,medium,9
675,yphelps,PurpleTiger!482,strong,15
676,tdiaz,the-moon-shines-over-bhutan,passphrase,27
677,nshelton,password123,weak,11
678,miranda87,coffee-mountains-rain-forest,passphrase,28
679,holmesdarryl,Bhutan@123,medium,10
680,davidgreen,Bhutan@123,medium,10
681,amy87,correct-horse-battery-staple,passphrase,28
682,susan21,correct-horse-battery-staple,passphrase,28
683,nicole51,CyberDefense#2026,strong,17
684,christopher93,Mountain-River-Sky-92,strong,21
685,samanthapadilla,"z,y3rQ5|`W2q""4Vz",random,16
686,keithwalter,CyberDefense#2026,strong,17
687,jacobsjoseph,PurpleTiger!482,strong,15
688,dmorrison,"8ykhKCm2i#,![q1D",random,16
689,jonesanthony,Mountain-River-Sky-92,strong,21
690,ghansen,the-moon-shines-over-bhutan,passphrase,27
691,harringtoncynthia,"ew,OR*fr<%@9""<?^",random,16
692,ycarroll,admin123,weak,8
693,pnoble,+l8vA3my=B&R9i>V,random,16
694,lcole,Summer2026!,medium,11
695,crystal96,password123,weak,11
696,stephen89,+'c/y;M@/-v7l|a~,random,16
697,matthew24,password123,weak,11
698,margaret46,password,weak,8
699,ihenderson,Denyel2005!,medium,11
700,nicolewoodard,PurpleTiger!482,strong,15
701,amygordon,"z##CM0BeO0)\@I""A",random,16
702,jessicasampson,}kiz$#{wuX`X7C9V,random,16
703,hilljoshua,123456,weak,6
704,whitemarvin,PurpleTiger!482,strong,15
705,webbdaniel,5R{]~Y#GyyEsfx&y,random,16
706,mitchellrichard,PurpleTiger!482,strong,15
707,thomasphillips,qwerty123,weak,9
708,mgarcia,~DKBk[Pj\~Pu%:dq,random,16
709,john62,password123,weak,11
710,priceeileen,Mountain-River-Sky-92,strong,21
711,michelle03,`\M5cW$C`v6Rp`k),random,16
712,ingramkaren,Mountain-River-Sky-92,strong,21
713,chandlermary,CyberDefense#2026,strong,17
714,qrowe,football2025,weak,12
715,edwardsallison,NcRv-c$S%B8Y8~Dx,random,16
716,gwilliams,Mountain-River-Sky-92,strong,21
717,aguilarlisa,coffee-mountains-rain-forest,passphrase,28
718,jreeves,"4$IRm`y0""mK'T8om",random,16
719,emily07,Summer2026!,medium,11
720,kbenjamin,.)=B%B3lj@Of1F_U,random,16
721,charlesyang,\++<mV7']0)I[}#/,random,16
722,jessicawarren,PurpleTiger!482,strong,15
723,russellibarra,c<'i)Y%9((*Y:MLC,random,16
724,vsullivan,the-moon-shines-over-bhutan,passphrase,27
725,cobbtodd,coffee-mountains-rain-forest,passphrase,28
726,sullivancharles,-wb5un.4J8{@l@fR,random,16
727,ashley97,PurpleTiger!482,strong,15
728,kaitlynsullivan,correct-horse-battery-staple,passphrase,28
729,mariah19,123456,weak,6
730,cwilliams,Mountain-River-Sky-92,strong,21
731,kyle06,Coffee#99,medium,9
732,banksdawn,CyberDefense#2026,strong,17
733,billyvargas,coffee-mountains-rain-forest,passphrase,28
734,lisarobinson,Summer2026!,medium,11
735,stephaniejackson,123456,weak,6
736,hollyparrish,"w{6?YisCOpsR|HM""",random,16
737,kellimaxwell,the-moon-shines-over-bhutan,passphrase,27
738,leejennifer,PurpleTiger!482,strong,15
739,lisasimmons,\`?BuvlY[?pE?\6(,random,16
740,dennisjames,PurpleTiger!482,strong,15
741,woodwardjennifer,Coffee#99,medium,9
742,irodriguez,Summer2026!,medium,11
743,davisshannon,admin123,weak,8
744,dianechan,the-moon-shines-over-bhutan,passphrase,27
745,millersherri,the-moon-shines-over-bhutan,passphrase,27
746,iwilson,Denyel2005!,medium,11
747,vpearson,the-moon-shines-over-bhutan,passphrase,27
748,andrea81,(FuS`:)<+v{PGqgl,random,16
749,hcharles,coffee-mountains-rain-forest,passphrase,28
750,erin16,Denyel2005!,medium,11
751,nathan99,Summer2026!,medium,11
752,oliverrobert,"-""]X:eHpqnJ4:$;\",random,16
753,jennifer14,123456,weak,6
754,johnjohnson,PurpleTiger!482,strong,15
755,stewartangela,"P'd,|+'eYKI/R,fq",random,16
756,medinajames,"y%xjt=bI,croz7XN",random,16
757,maryjohnson,Summer2026!,medium,11
758,brandonwatson,coffee-mountains-rain-forest,passphrase,28
759,gibsonamanda,coffee-mountains-rain-forest,passphrase,28
760,david72,Denyel2005!,medium,11
761,toddwiggins,the-moon-shines-over-bhutan,passphrase,27
762,ivasquez,correct-horse-battery-staple,passphrase,28
763,karen59,<1:jb`*;rFtcQ/]+,random,16
764,zmathis,password,weak,8
765,nguyenkaren,Summer2026!,medium,11
766,cooperemily,the-moon-shines-over-bhutan,passphrase,27
767,gonzalezbarbara,password123,weak,11
768,michael71,the-moon-shines-over-bhutan,passphrase,27
769,christina42,qwerty123,weak,9
770,johnsondavid,Bhutan@123,medium,10
771,bbanks,123456,weak,6
772,antoniolucas,123456,weak,6
773,brian05,TMpH@OIaVd`9}ixP,random,16
774,jamesthomas,correct-horse-battery-staple,passphrase,28
775,zimmermanmelissa,Summer2026!,medium,11
776,lori66,\;_/Z=;GCq[:5jgJ,random,16
777,garciazachary,Mountain-River-Sky-92,strong,21
778,pharris,football2025,weak,12
779,davidfisher,admin123,weak,8
780,freemanalexis,"V5t=~#|,MWHD^*Ed",random,16
781,jeffrey38,password,weak,8
782,jessica23,correct-horse-battery-staple,passphrase,28
783,nbrown,CyberDefense#2026,strong,17
784,jeffreywillis,Mountain-River-Sky-92,strong,21
785,petersonjasmine,CyberDefense#2026,strong,17
786,sararivera,coffee-mountains-rain-forest,passphrase,28
787,webstercharles,":;/Xaa71""*v|+~'H",random,16
788,nataliesharp,Denyel2005!,medium,11
789,sheltonchristine,password,weak,8
790,stevenreynolds,the-moon-shines-over-bhutan,passphrase,27
791,ntapia,password,weak,8
792,armstrongtravis,Denyel2005!,medium,11
793,josetorres,password,weak,8
794,mary62,PurpleTiger!482,strong,15
795,grivers,8phZ&'f'Jna@%kv+,random,16
796,johnsonjoanna,password123,weak,11
797,ssmith,password,weak,8
798,lisa56,:8pz}uDE:NXr[_$/,random,16
799,seanlarson,the-moon-shines-over-bhutan,passphrase,27
800,toddnguyen,correct-horse-battery-staple,passphrase,28
801,ycarson,V|KVjD\AI=[)[%j2,random,16
802,woodwardsarah,Denyel2005!,medium,11
803,oramirez,coffee-mountains-rain-forest,passphrase,28
804,kevingreen,Bhutan@123,medium,10
805,hayesjustin,Bhutan@123,medium,10
806,macdonaldsharon,JmBgFq=Frpc9Yx-8,random,16
807,kristin65,Coffee#99,medium,9
808,justin23,PurpleTiger!482,strong,15
809,angela09,CyberDefense#2026,strong,17
810,williamstanner,CyberDefense#2026,strong,17
811,ithornton,Bhutan@123,medium,10
812,jesse86,admin123,weak,8
813,shawnchase,"X/G_o""0(d8M&Kc.'",random,16
814,crystal85,Bhutan@123,medium,10
815,goodmancourtney,the-moon-shines-over-bhutan,passphrase,27
816,janet53,qwerty123,weak,9
817,qward,Mountain-River-Sky-92,strong,21
818,nancy36,password123,weak,11
819,awhite,Summer2026!,medium,11
820,gewing,password123,weak,11
821,donnagray,Summer2026!,medium,11
822,todd49,the-moon-shines-over-bhutan,passphrase,27
823,egaines,password123,weak,11
824,dustinsnyder,correct-horse-battery-staple,passphrase,28
825,ronaldbecker,CyberDefense#2026,strong,17
826,brian80,PurpleTiger!482,strong,15
827,mary41,Denyel2005!,medium,11
828,gedwards,#cB_-2Mt<7OKx>sq,random,16
829,aprilyates,Coffee#99,medium,9
830,james28,"DQW{Ae""A~x_{}49)",random,16
831,oyork,admin123,weak,8
832,melissaklein,qwerty123,weak,9
833,ssims,the-moon-shines-over-bhutan,passphrase,27
834,dwilliams,qwerty123,weak,9
835,heatherjackson,Bhutan@123,medium,10
836,hillrebecca,&j@fX%\:S8YO(Gnn,random,16
837,douglas95,"""78A^,O+D:{)W+do",random,16
838,kelleylisa,football2025,weak,12
839,adam99,the-moon-shines-over-bhutan,passphrase,27
840,adamselizabeth,coffee-mountains-rain-forest,passphrase,28
841,patrick51,qwerty123,weak,9
842,lcohen,correct-horse-battery-staple,passphrase,28
843,adambaker,password,weak,8
844,maria72,Mountain-River-Sky-92,strong,21
845,yharris,Mountain-River-Sky-92,strong,21
846,youngana,Summer2026!,medium,11
847,emontoya,the-moon-shines-over-bhutan,passphrase,27
848,michelewilliams,Summer2026!,medium,11
849,amandaboyd,Bhutan@123,medium,10
850,chadbryant,coffee-mountains-rain-forest,passphrase,28
851,thompsonolivia,password123,weak,11
852,matthewsricky,Mountain-River-Sky-92,strong,21
853,darrylyoung,Summer2026!,medium,11
854,krystalroberts,admin123,weak,8
855,patrickkeller,/9&U.f+d|*Gs{Vzt,random,16
856,mwright,XNM?-a)q`9l@b$Xq,random,16
857,haysrebecca,C)q<`-/>SlaA8FrJ,random,16
858,martinezcharles,"ZoyZOBy)%y$'R<k,",random,16
859,david31,Summer2026!,medium,11
860,vanessa92,"h,PHv{ekY=1-i\(h",random,16
861,michellepham,correct-horse-battery-staple,passphrase,28
862,russellandrew,password123,weak,11
863,alexandermelissa,correct-horse-battery-staple,passphrase,28
864,christine31,PurpleTiger!482,strong,15
865,wagnersamantha,CyberDefense#2026,strong,17
866,julie70,Denyel2005!,medium,11
867,kpope,Bhutan@123,medium,10
868,dustinlee,PurpleTiger!482,strong,15
869,hansonautumn,qwerty123,weak,9
870,daniel73,correct-horse-battery-staple,passphrase,28
871,richard80,K1-.T;U2n~XnL*1P,random,16
872,john42,the-moon-shines-over-bhutan,passphrase,27
873,thompsonamanda,football2025,weak,12
874,jeanette41,Coffee#99,medium,9
875,jacob54,rai|Z;3O5/xq(J=t,random,16
876,nblankenship,the-moon-shines-over-bhutan,passphrase,27
877,millertracy,CyberDefense#2026,strong,17
878,mathewkelly,+c:lD|if[Y_Cd5z?,random,16
879,elizabethreyes,coffee-mountains-rain-forest,passphrase,28
880,antonio17,Coffee#99,medium,9
881,zjohnson,Bhutan@123,medium,10
882,tlopez,PurpleTiger!482,strong,15
883,bharvey,Summer2026!,medium,11
884,andrewwilkins,Summer2026!,medium,11
885,anthonywright,coffee-mountains-rain-forest,passphrase,28
886,fieldsashley,"A_\]7~#A""foe,bJ,",random,16
887,clarktimothy,d[6-)wm5`UUz?$n5,random,16
888,gwendolynroy,Bhutan@123,medium,10
889,danielle68,PurpleTiger!482,strong,15
890,fletcherdesiree,Coffee#99,medium,9
891,adam44,Coffee#99,medium,9
892,gutierrezjoshua,admin123,weak,8
893,daltonjeffrey,Ua$m/66<IgMrec>5,random,16
894,jamie46,qwerty123,weak,9
895,amanda86,Mountain-River-Sky-92,strong,21
896,rodriguezchristine,k$O7@zghS2c^wf{2,random,16
897,jerrymendez,PurpleTiger!482,strong,15
898,michaellopez,Denyel2005!,medium,11
899,smithmatthew,the-moon-shines-over-bhutan,passphrase,27
900,jalexander,coffee-mountains-rain-forest,passphrase,28
901,wortiz,Bhutan@123,medium,10
902,rangeljason,Denyel2005!,medium,11
903,bmiller,coffee-mountains-rain-forest,passphrase,28
904,glenn24,Summer2026!,medium,11
905,mark69,the-moon-shines-over-bhutan,passphrase,27
906,ericreid,Coffee#99,medium,9
907,chuff,PurpleTiger!482,strong,15
908,william81,"IepK}*B-60OW/,Lg",random,16
909,iwilliams,c69=?~aPc;_eUL:y,random,16
910,pflores,"@x8~8ky,_.jW]I$&",random,16
911,kwood,password,weak,8
912,michaelnorris,Bhutan@123,medium,10
913,umunoz,Bhutan@123,medium,10
914,millertimothy,correct-horse-battery-staple,passphrase,28
915,roysabrina,admin123,weak,8
916,jeffreymendez,Bhutan@123,medium,10
917,thomasthompson,Summer2026!,medium,11
918,vwillis,correct-horse-battery-staple,passphrase,28
919,carriefrederick,"?F_~7^x'QX""*WrZk",random,16
920,pmullins,Denyel2005!,medium,11
921,irush,"}9APRgvnf/'Ty""Py",random,16
922,edwinmiller,Mountain-River-Sky-92,strong,21
923,katherinelevy,Bhutan@123,medium,10
924,hannah37,admin123,weak,8
925,jgregory,"H!psq\AMiJ[$""py1",random,16
926,gregory32,123456,weak,6
927,ecollins,qwerty123,weak,9
928,mtate,Denyel2005!,medium,11
929,smithjulia,Summer2026!,medium,11
930,monica99,the-moon-shines-over-bhutan,passphrase,27
931,xmoses,correct-horse-battery-staple,passphrase,28
932,derrick45,Mountain-River-Sky-92,strong,21
933,jonlyons,PurpleTiger!482,strong,15
934,erinmiller,password123,weak,11
935,millerbrittany,Coffee#99,medium,9
936,phamjoshua,GDh-z1`l##we3@vf,random,16
937,lynn33,coffee-mountains-rain-forest,passphrase,28
938,sanchezcraig,Summer2026!,medium,11
939,wilsonalexandra,the-moon-shines-over-bhutan,passphrase,27
940,mriggs,!N%5rXYnW}89SCi>,random,16
941,zhenderson,Mountain-River-Sky-92,strong,21
942,regina19,Summer2026!,medium,11
943,amandadiaz,the-moon-shines-over-bhutan,passphrase,27
944,sbrowning,PurpleTiger!482,strong,15
945,elizabeth63,Coffee#99,medium,9
946,fcobb,Coffee#99,medium,9
947,katieriley,Denyel2005!,medium,11
948,cameron61,CyberDefense#2026,strong,17
949,christopher70,Coffee#99,medium,9
950,lgarcia,PurpleTiger!482,strong,15
951,johnsonlisa,coffee-mountains-rain-forest,passphrase,28
952,millerspencer,qwerty123,weak,9
953,ibenson,&@MvzZ?|$756W;^N,random,16
954,helenbutler,the-moon-shines-over-bhutan,passphrase,27
955,andersonchris,coffee-mountains-rain-forest,passphrase,28
956,xyoung,password,weak,8
957,njohnson,Bhutan@123,medium,10
958,bakerlori,Bhutan@123,medium,10
959,dawnlewis,Denyel2005!,medium,11
960,leenicole,T>b_PXDhp7.TeK9&,random,16
961,scottporter,Coffee#99,medium,9
962,xfigueroa,password,weak,8
963,joshuahopkins,bZ]keKt**O!rECnK,random,16
964,reginafischer,Summer2026!,medium,11
965,johnsonkyle,qwerty123,weak,9
966,garciaallen,E[Vhk9oSA.77/92y,random,16
967,wongjennifer,CyberDefense#2026,strong,17
968,brett76,Bhutan@123,medium,10
969,janice16,"]<6q+f=""qN,`dc6O",random,16
970,johnsonamber,Mountain-River-Sky-92,strong,21
971,bethany62,Coffee#99,medium,9
972,nancy27,password,weak,8
973,rortiz,correct-horse-battery-staple,passphrase,28
974,maguilar,PurpleTiger!482,strong,15
975,mendozajennifer,Summer2026!,medium,11
976,brett78,correct-horse-battery-staple,passphrase,28
977,estephens,coffee-mountains-rain-forest,passphrase,28
978,cookian,k_o~ZQW&/pK;5}Tq,random,16
979,hollowaylisa,the-moon-shines-over-bhutan,passphrase,27
980,robert92,qwerty123,weak,9
981,kylerivera,Summer2026!,medium,11
982,hollyestes,PurpleTiger!482,strong,15
983,ricky36,Bhutan@123,medium,10
984,bradleyrebecca,Coffee#99,medium,9
985,jacobjohnson,coffee-mountains-rain-forest,passphrase,28
986,joshuaward,Denyel2005!,medium,11
987,wgomez,coffee-mountains-rain-forest,passphrase,28
988,edwardbullock,correct-horse-battery-staple,passphrase,28
989,matthew27,coffee-mountains-rain-forest,passphrase,28
990,uward,admin123,weak,8
991,ruizjoshua,Bhutan@123,medium,10
992,dfoster,password123,weak,11
993,fchambers,Bhutan@123,medium,10
994,roymelissa,the-moon-shines-over-bhutan,passphrase,27
995,johnsonstephanie,Denyel2005!,medium,11
996,tracy58,PurpleTiger!482,strong,15
997,robersonamanda,football2025,weak,12
998,epowell,correct-horse-battery-staple,passphrase,28
999,alexisanderson,PurpleTiger!482,strong,15
1000,james39,the-moon-shines-over-bhutan,passphrase,27
