username,category,algorithm
raymond79,passphrase,argon2id
nblackwell,strong,argon2id
cherylroberts,random,argon2id
vcobb,random,argon2id
jose49,strong,argon2id
carrie43,medium,argon2id
cclark,passphrase,argon2id
haleymcmillan,passphrase,argon2id
olsonsherri,strong,argon2id
martinezmelinda,strong,argon2id
vnichols,random,argon2id
brentjohnson,strong,argon2id
nsmith,medium,argon2id
bgarcia,medium,argon2id
pclark,random,argon2id
david92,passphrase,argon2id
cynthiamyers,passphrase,argon2id
xsummers,weak,argon2id
kathryn69,medium,argon2id
osolis,medium,argon2id
paul97,strong,argon2id
cynthia45,strong,argon2id
philip95,passphrase,argon2id
juliebutler,weak,argon2id
annette99,random,argon2id
diamond89,medium,argon2id
ryanphilip,random,argon2id
ramosrebecca,medium,argon2id
katrinaking,weak,argon2id
jesus59,random,argon2id
polson,strong,argon2id
jorge90,medium,argon2id
millerleslie,random,argon2id
omiller,strong,argon2id
leslie87,weak,argon2id
mgreen,random,argon2id
patricialindsey,passphrase,argon2id
christophercharles,random,argon2id
christensenandrea,random,argon2id
brocha,passphrase,argon2id
ronald39,random,argon2id
julie58,passphrase,argon2id
hannah72,medium,argon2id
ohuang,passphrase,argon2id
anita52,random,argon2id
george02,passphrase,argon2id
zlee,random,argon2id
eric99,random,argon2id
awilson,random,argon2id
lisa75,weak,argon2id
lauragonzalez,passphrase,argon2id
ufuller,passphrase,argon2id
gregoryreid,medium,argon2id
goldensherry,strong,argon2id
fitzgeraldmitchell,medium,argon2id
gregorycordova,strong,argon2id
brettthompson,medium,argon2id
smithshannon,medium,argon2id
ydaniels,strong,argon2id
mhuynh,passphrase,argon2id
gardneramanda,passphrase,argon2id
zimmermansherri,weak,argon2id
bcook,medium,argon2id
ebrown,strong,argon2id
qthomas,weak,argon2id
charris,strong,argon2id
johnanthony,strong,argon2id
hughesdonald,passphrase,argon2id
sjohnson,weak,argon2id
nglover,passphrase,argon2id
walkerjames,medium,argon2id
hernandezjennifer,random,argon2id
henrycarpenter,passphrase,argon2id
thomas06,random,argon2id
markmiller,strong,argon2id
ywoods,strong,argon2id
richardsonscott,random,argon2id
ndunlap,medium,argon2id
markclarke,passphrase,argon2id
pdelgado,passphrase,argon2id
thompsonbrenda,medium,argon2id
jessecamacho,medium,argon2id
sarah55,weak,argon2id
lopezdaniel,medium,argon2id
cartersusan,passphrase,argon2id
michael51,weak,argon2id
annesimpson,random,argon2id
daniellekline,weak,argon2id
ashleypage,passphrase,argon2id
owhite,medium,argon2id
zbutler,weak,argon2id
jackflores,random,argon2id
mkramer,passphrase,argon2id
campbellmichelle,weak,argon2id
phamstephen,passphrase,argon2id
waltersjacqueline,strong,argon2id
margarethoward,medium,argon2id
washingtonaustin,medium,argon2id
julie91,passphrase,argon2id
sydneygriffin,medium,argon2id
katherinesimmons,random,argon2id
stonejuan,weak,argon2id
michaela50,strong,argon2id
sherry03,weak,argon2id
sarah43,medium,argon2id
chandlerbrittany,weak,argon2id
williamsonvalerie,strong,argon2id
rogersamy,random,argon2id
megan56,strong,argon2id
cory49,random,argon2id
watkinsmolly,passphrase,argon2id
uli,passphrase,argon2id
collinsleon,strong,argon2id
egonzalez,weak,argon2id
jacksonthomas,weak,argon2id
joshua07,weak,argon2id
williamroberts,random,argon2id
grace28,weak,argon2id
dwhite,passphrase,argon2id
trevor96,random,argon2id
jonesbrittany,strong,argon2id
jroberts,medium,argon2id
omiller,random,argon2id
dawngarcia,weak,argon2id
landersen,medium,argon2id
simsnicole,strong,argon2id
thomasjohn,medium,argon2id
mpalmer,strong,argon2id
katelyn61,strong,argon2id
patrick94,strong,argon2id
robinsonjay,medium,argon2id
tgallagher,strong,argon2id
sharon43,strong,argon2id
raygabrielle,passphrase,argon2id
gordondavid,passphrase,argon2id
scott65,medium,argon2id
kimberly15,strong,argon2id
jeffrey40,random,argon2id
robert48,strong,argon2id
sullivanjoshua,medium,argon2id
wglass,medium,argon2id
walkerlisa,medium,argon2id
susanlee,medium,argon2id
crystalmartinez,weak,argon2id
xgreen,passphrase,argon2id
mbolton,random,argon2id
denise55,medium,argon2id
michaellarsen,strong,argon2id
brianhutchinson,passphrase,argon2id
frank45,passphrase,argon2id
dawsonamy,random,argon2id
qmaynard,random,argon2id
jameswallace,passphrase,argon2id
corymathews,random,argon2id
schmittmary,strong,argon2id
woodwayne,weak,argon2id
ustewart,passphrase,argon2id
steven28,random,argon2id
iholland,medium,argon2id
bdoyle,strong,argon2id
brittany56,medium,argon2id
alexandria26,strong,argon2id
susandavis,random,argon2id
brookswendy,weak,argon2id
stacy51,medium,argon2id
julie76,strong,argon2id
catherinegray,strong,argon2id
jessica11,medium,argon2id
phillipsdaniel,strong,argon2id
wilsonjoshua,strong,argon2id
kristivaldez,strong,argon2id
wsanchez,medium,argon2id
joshuajoseph,random,argon2id
stevenbrown,passphrase,argon2id
perezjohn,random,argon2id
joseph69,weak,argon2id
hernandezjohn,medium,argon2id
kwalters,weak,argon2id
alexander13,random,argon2id
bradley80,random,argon2id
atkinsalexandra,passphrase,argon2id
smithmargaret,weak,argon2id
elizabethdickerson,weak,argon2id
hadams,medium,argon2id
gutierreznicole,random,argon2id
ggreen,strong,argon2id
jose05,strong,argon2id
leeamanda,strong,argon2id
ttownsend,weak,argon2id
ubrowning,medium,argon2id
pamela79,medium,argon2id
robertlewis,passphrase,argon2id
codyclark,medium,argon2id
holly94,weak,argon2id
jamie69,medium,argon2id
richarddean,strong,argon2id
amandasmith,passphrase,argon2id
plee,medium,argon2id
mortonmichael,medium,argon2id
zramirez,weak,argon2id
vburton,weak,argon2id
joseph01,medium,argon2id
heather50,passphrase,argon2id
jacquelinesantos,passphrase,argon2id
david30,random,argon2id
xsilva,random,argon2id
elizabethsolomon,weak,argon2id
beasleylisa,random,argon2id
houstonjoseph,passphrase,argon2id
barkerjoshua,random,argon2id
matthew28,random,argon2id
ryanpowell,medium,argon2id
christopher81,passphrase,argon2id
istanton,random,argon2id
thomascarter,strong,argon2id
patrickbecker,weak,argon2id
greg10,strong,argon2id
morgan00,strong,argon2id
vwashington,random,argon2id
randall76,strong,argon2id
butlerkimberly,passphrase,argon2id
allisonli,medium,argon2id
yrobinson,weak,argon2id
dleblanc,random,argon2id
craigliu,weak,argon2id
vmcguire,medium,argon2id
johnsongavin,medium,argon2id
nguyentony,passphrase,argon2id
manderson,weak,argon2id
jvaughn,random,argon2id
sharon15,weak,argon2id
medinasamuel,medium,argon2id
tonyconley,weak,argon2id
harveykristina,weak,argon2id
johnsonjohnathan,weak,argon2id
rbooth,passphrase,argon2id
amandarogers,passphrase,argon2id
smithbarbara,random,argon2id
michaelmiller,passphrase,argon2id
zbishop,strong,argon2id
blakejulie,medium,argon2id
sean47,weak,argon2id
smithteresa,random,argon2id
nramirez,strong,argon2id
michelle33,passphrase,argon2id
sanchezkevin,strong,argon2id
jessefigueroa,medium,argon2id
patricia02,weak,argon2id
elizabethwoods,medium,argon2id
melissa76,strong,argon2id
arnoldbrian,weak,argon2id
alan83,random,argon2id
robert38,strong,argon2id
daniellebauer,passphrase,argon2id
kimberly62,passphrase,argon2id
uwood,weak,argon2id
brucemichael,random,argon2id
lucasmichelle,strong,argon2id
douglas53,weak,argon2id
zbennett,weak,argon2id
cjohnson,random,argon2id
mayopaul,medium,argon2id
justinshaffer,random,argon2id
francisco63,weak,argon2id
vnavarro,medium,argon2id
lesternicholas,passphrase,argon2id
jennawatts,medium,argon2id
nicholas30,medium,argon2id
mckenziejoseph,weak,argon2id
tina50,random,argon2id
kathypatel,weak,argon2id
campbellmelissa,weak,argon2id
michael91,strong,argon2id
gadams,weak,argon2id
kkelley,medium,argon2id
wruiz,weak,argon2id
peter15,medium,argon2id
herrerabenjamin,medium,argon2id
robinsonevan,random,argon2id
johngonzalez,weak,argon2id
djohnson,weak,argon2id
willietaylor,random,argon2id
nicholasjones,passphrase,argon2id
stephanieboyd,random,argon2id
kevinmendoza,passphrase,argon2id
hillmary,medium,argon2id
wallacemelissa,medium,argon2id
uperez,weak,argon2id
sarahdiaz,weak,argon2id
buchananrobert,passphrase,argon2id
carmenjones,medium,argon2id
rachelmclaughlin,medium,argon2id
troy88,weak,argon2id
alvin80,weak,argon2id
ruiznathaniel,passphrase,argon2id
catherine78,passphrase,argon2id
tlane,passphrase,argon2id
xwilliams,strong,argon2id
moorecrystal,medium,argon2id
xgonzalez,weak,argon2id
uenglish,strong,argon2id
vincent02,passphrase,argon2id
melaniejohnson,random,argon2id
jasmin23,passphrase,argon2id
tammy45,weak,argon2id
sanchezmatthew,random,argon2id
courtney36,medium,argon2id
bobby08,weak,argon2id
boyerdavid,strong,argon2id
hcarter,random,argon2id
michael85,strong,argon2id
rorozco,passphrase,argon2id
rwarner,weak,argon2id
oconnorrichard,random,argon2id
victoria81,weak,argon2id
sanchezalyssa,passphrase,argon2id
walkerjason,strong,argon2id
jli,random,argon2id
kevinrussell,weak,argon2id
diana51,medium,argon2id
timothyjones,passphrase,argon2id
sandersmatthew,random,argon2id
mitchelljennifer,medium,argon2id
william07,weak,argon2id
thompsonchristopher,weak,argon2id
robert46,strong,argon2id
mendozabrandon,random,argon2id
grossjohn,medium,argon2id
jonathan43,medium,argon2id
williamssonya,random,argon2id
jason55,random,argon2id
yroth,weak,argon2id
brianallen,strong,argon2id
tina53,medium,argon2id
woliver,passphrase,argon2id
kevinmartinez,medium,argon2id
kevinbryant,random,argon2id
morrisjames,medium,argon2id
garmstrong,strong,argon2id
thomasosborn,random,argon2id
shelly13,weak,argon2id
nixontheodore,strong,argon2id
amberaustin,random,argon2id
richardgallegos,weak,argon2id
stephen54,medium,argon2id
jacqueline26,weak,argon2id
owensmegan,strong,argon2id
rodriguezlisa,medium,argon2id
josephgreen,strong,argon2id
tayloraaron,passphrase,argon2id
lindsay80,weak,argon2id
annettegreer,weak,argon2id
oshannon,weak,argon2id
brownstefanie,passphrase,argon2id
nelsonbrittany,strong,argon2id
htaylor,passphrase,argon2id
paige38,passphrase,argon2id
carolhunt,strong,argon2id
richardellis,weak,argon2id
castillotiffany,medium,argon2id
austin35,medium,argon2id
katrina36,weak,argon2id
nicholas09,random,argon2id
cookeeric,medium,argon2id
wcastillo,passphrase,argon2id
armstrongcynthia,passphrase,argon2id
juansanchez,strong,argon2id
carmen95,weak,argon2id
whitneypennington,weak,argon2id
jenniferortiz,random,argon2id
brownmary,passphrase,argon2id
cthompson,medium,argon2id
james91,random,argon2id
jonathan18,random,argon2id
xrosales,passphrase,argon2id
vwallace,medium,argon2id
whitetina,random,argon2id
marcus91,weak,argon2id
christopherjimenez,strong,argon2id
greenlisa,strong,argon2id
khoover,passphrase,argon2id
zparks,random,argon2id
john57,weak,argon2id
irivera,passphrase,argon2id
sherri80,random,argon2id
mgoodman,passphrase,argon2id
sharonmoore,weak,argon2id
oliverbrett,medium,argon2id
samuel66,weak,argon2id
rcherry,medium,argon2id
ysmith,passphrase,argon2id
roblesshelby,passphrase,argon2id
christinaneal,medium,argon2id
gardnersamantha,medium,argon2id
mckeejulia,weak,argon2id
katieelliott,random,argon2id
bwells,random,argon2id
williamsontiffany,medium,argon2id
xmiller,medium,argon2id
christopher24,weak,argon2id
robert17,weak,argon2id
timothyobrien,weak,argon2id
jennifer76,passphrase,argon2id
catherinepadilla,random,argon2id
cindy71,passphrase,argon2id
alvarezpatrick,medium,argon2id
rodney88,strong,argon2id
ipennington,random,argon2id
colleenwang,strong,argon2id
shawn99,random,argon2id
daryldaugherty,passphrase,argon2id
aliciamartinez,strong,argon2id
danielflores,weak,argon2id
sharonwilliams,weak,argon2id
matthew57,random,argon2id
calvin20,strong,argon2id
fjenkins,random,argon2id
mcgeebrandon,random,argon2id
lcastro,medium,argon2id
bill80,random,argon2id
hilljessica,medium,argon2id
sanchezamy,random,argon2id
robertsdenise,weak,argon2id
holly08,medium,argon2id
pwalker,medium,argon2id
melissa28,strong,argon2id
xhill,passphrase,argon2id
thorntondavid,random,argon2id
tmcgrath,strong,argon2id
katherine31,strong,argon2id
tcase,passphrase,argon2id
marymay,passphrase,argon2id
xschultz,strong,argon2id
kbrooks,weak,argon2id
gallagherjose,random,argon2id
lauramartin,weak,argon2id
brownmichael,strong,argon2id
shawn19,passphrase,argon2id
rwilliams,strong,argon2id
kristencharles,random,argon2id
evansjenny,weak,argon2id
shannonpierce,random,argon2id
hubbardmaureen,medium,argon2id
michaelwallace,random,argon2id
herrerasamantha,passphrase,argon2id
mannmaria,weak,argon2id
larrycruz,medium,argon2id
andrew80,weak,argon2id
toddpeter,medium,argon2id
brookeadams,weak,argon2id
edunlap,medium,argon2id
xgarcia,medium,argon2id
jburke,strong,argon2id
jennifer09,passphrase,argon2id
fking,passphrase,argon2id
hesscorey,medium,argon2id
sodom,passphrase,argon2id
michaelwilson,weak,argon2id
vrandolph,strong,argon2id
longlarry,strong,argon2id
aglover,weak,argon2id
kmiddleton,strong,argon2id
masonpatty,random,argon2id
garnersean,random,argon2id
steven79,passphrase,argon2id
sandersangela,medium,argon2id
karen47,weak,argon2id
santiagoamy,weak,argon2id
fmeyers,medium,argon2id
ashleybonilla,passphrase,argon2id
ghenderson,passphrase,argon2id
ortizdaniel,passphrase,argon2id
david98,medium,argon2id
sethreid,passphrase,argon2id
james59,strong,argon2id
william90,medium,argon2id
danaflores,weak,argon2id
enguyen,weak,argon2id
kevinsosa,strong,argon2id
mlarson,random,argon2id
bridgetwang,weak,argon2id
mario29,medium,argon2id
jessicabaldwin,passphrase,argon2id
ccastaneda,passphrase,argon2id
chad14,medium,argon2id
oramos,random,argon2id
ramosmark,random,argon2id
patelangelica,random,argon2id
kingbrandon,strong,argon2id
orios,medium,argon2id
david49,weak,argon2id
brianamurray,passphrase,argon2id
alexis81,medium,argon2id
morganguzman,strong,argon2id
danielle78,random,argon2id
coxoscar,medium,argon2id
holtjoe,weak,argon2id
mark94,strong,argon2id
michael74,random,argon2id
castillomeghan,strong,argon2id
michelle06,random,argon2id
grahamamanda,strong,argon2id
daniel37,medium,argon2id
jeffery19,strong,argon2id
tarnold,passphrase,argon2id
robertmarquez,medium,argon2id
caldwellsarah,random,argon2id
alimary,strong,argon2id
brittanyramirez,weak,argon2id
janetthomas,random,argon2id
hawkinslee,weak,argon2id
twilliams,passphrase,argon2id
hmay,strong,argon2id
valenzueladesiree,passphrase,argon2id
marysimpson,strong,argon2id
tammygarcia,weak,argon2id
katrina29,random,argon2id
thomaskristi,weak,argon2id
michael26,strong,argon2id
jeffrey02,strong,argon2id
wreed,weak,argon2id
juliegomez,passphrase,argon2id
johnsshannon,strong,argon2id
robinsontiffany,passphrase,argon2id
hamiltonmadison,random,argon2id
timothywatson,medium,argon2id
trevor30,medium,argon2id
michael05,medium,argon2id
michealglass,random,argon2id
dominguezhannah,random,argon2id
rbryant,strong,argon2id
xthomas,passphrase,argon2id
woodmarcus,random,argon2id
williamscynthia,weak,argon2id
joshuacooper,medium,argon2id
miguelbrady,passphrase,argon2id
joshua53,random,argon2id
alvareztyler,random,argon2id
kathybarton,random,argon2id
baileyandrew,weak,argon2id
brenthiggins,medium,argon2id
amberryan,medium,argon2id
lwright,strong,argon2id
adamscurtis,random,argon2id
bushelizabeth,strong,argon2id
gonzalezkyle,strong,argon2id
phamlaurie,weak,argon2id
rcampbell,passphrase,argon2id
mckaymelissa,strong,argon2id
katelyn78,weak,argon2id
wrodriguez,strong,argon2id
gregorywhite,strong,argon2id
osmith,random,argon2id
evanssarah,random,argon2id
jasonsandoval,random,argon2id
zachary29,medium,argon2id
schaeferdonna,weak,argon2id
jeffreymiller,strong,argon2id
charlene55,weak,argon2id
parker72,medium,argon2id
michaelgriffith,weak,argon2id
cortezjames,weak,argon2id
braunmaria,medium,argon2id
brooke14,passphrase,argon2id
coopermarcia,random,argon2id
ronald49,random,argon2id
uvasquez,weak,argon2id
wmckee,medium,argon2id
thomasrobin,strong,argon2id
adrian91,strong,argon2id
margaretthompson,random,argon2id
marialopez,medium,argon2id
taylordiane,strong,argon2id
brianhunter,strong,argon2id
sanchezclaire,weak,argon2id
hudsonkristopher,passphrase,argon2id
fishersandra,weak,argon2id
cohenregina,weak,argon2id
matthew25,strong,argon2id
lancezimmerman,passphrase,argon2id
tberry,passphrase,argon2id
andrewho,strong,argon2id
tina02,strong,argon2id
eric70,strong,argon2id
ptaylor,medium,argon2id
johnstonnicholas,weak,argon2id
dianamurphy,random,argon2id
duartejonathan,medium,argon2id
logan93,random,argon2id
matthewmccormick,passphrase,argon2id
hurleyleslie,random,argon2id
parksemily,medium,argon2id
maddenchris,random,argon2id
william61,medium,argon2id
james70,weak,argon2id
cisnerosbrett,medium,argon2id
michaelmatthews,strong,argon2id
susanbrown,random,argon2id
raymond81,medium,argon2id
zolson,random,argon2id
stephaniemack,weak,argon2id
kellyray,weak,argon2id
collinstimothy,medium,argon2id
brenda78,medium,argon2id
melinda43,passphrase,argon2id
lmurphy,strong,argon2id
mgray,medium,argon2id
whitakerapril,weak,argon2id
baileyphilip,strong,argon2id
jon00,medium,argon2id
glennperez,passphrase,argon2id
zmccarthy,random,argon2id
jose09,medium,argon2id
lowecameron,medium,argon2id
wjames,strong,argon2id
mitchellrachel,random,argon2id
gibsonpamela,random,argon2id
clarkbrian,passphrase,argon2id
esantos,medium,argon2id
curtis60,passphrase,argon2id
dpeterson,medium,argon2id
fclark,weak,argon2id
kmurray,weak,argon2id
emily11,weak,argon2id
nancy00,random,argon2id
fharris,weak,argon2id
kmyers,passphrase,argon2id
bartlettleslie,random,argon2id
jillian73,strong,argon2id
gonzalesjulie,weak,argon2id
williamcarrillo,weak,argon2id
hallkaitlyn,passphrase,argon2id
keith61,strong,argon2id
kimberlysmith,random,argon2id
tmaldonado,medium,argon2id
suzanne93,random,argon2id
ncampbell,medium,argon2id
bryce21,weak,argon2id
adam19,passphrase,argon2id
tylerroberts,strong,argon2id
abigail89,random,argon2id
wwalter,strong,argon2id
hdean,weak,argon2id
qmullen,passphrase,argon2id
sarahsmith,strong,argon2id
kathycarroll,strong,argon2id
molinajose,medium,argon2id
laura50,weak,argon2id
martinezdavid,medium,argon2id
calvinshelton,medium,argon2id
ariel88,strong,argon2id
jessica82,medium,argon2id
grobinson,random,argon2id
foxbrian,random,argon2id
htaylor,weak,argon2id
gregorygreer,passphrase,argon2id
yhoward,random,argon2id
emilycohen,passphrase,argon2id
waltersdaniel,random,argon2id
cesar03,strong,argon2id
andrew95,random,argon2id
ashleyroy,passphrase,argon2id
xdoyle,weak,argon2id
andreanewton,strong,argon2id
rojasapril,strong,argon2id
qhansen,strong,argon2id
deleonjanet,passphrase,argon2id
cummingsmisty,medium,argon2id
jross,passphrase,argon2id
jlopez,weak,argon2id
danieljackson,strong,argon2id
warddavid,weak,argon2id
anthony51,strong,argon2id
adrian77,passphrase,argon2id
wilkersonbriana,medium,argon2id
bryanlane,passphrase,argon2id
jessica27,medium,argon2id
hammonddonna,strong,argon2id
yjohnson,weak,argon2id
john16,medium,argon2id
dfoster,passphrase,argon2id
hinesjacob,passphrase,argon2id
josephyoung,passphrase,argon2id
mitchellhughes,passphrase,argon2id
ronaldgrant,weak,argon2id
douglasmiller,passphrase,argon2id
gregory72,weak,argon2id
branchlisa,strong,argon2id
travis68,strong,argon2id
daltonkathy,medium,argon2id
njones,medium,argon2id
james51,random,argon2id
jacksonbrandon,random,argon2id
davisvalerie,random,argon2id
jennifer05,medium,argon2id
kburns,medium,argon2id
mlopez,strong,argon2id
avilasue,medium,argon2id
mwilliams,random,argon2id
stephanie37,random,argon2id
alexdaniel,weak,argon2id
bschneider,passphrase,argon2id
careyjacob,medium,argon2id
jeff70,strong,argon2id
achavez,random,argon2id
smallelizabeth,weak,argon2id
rruiz,passphrase,argon2id
tammy01,weak,argon2id
zjones,strong,argon2id
gregorysims,random,argon2id
wgarcia,random,argon2id
rcruz,passphrase,argon2id
kburton,random,argon2id
fmitchell,strong,argon2id
mitchell25,medium,argon2id
grasmussen,medium,argon2id
knightlaura,medium,argon2id
tammyberg,weak,argon2id
coffeymichael,weak,argon2id
kathryn64,weak,argon2id
gilberttina,random,argon2id
fishercarlos,medium,argon2id
christopher76,weak,argon2id
richard99,passphrase,argon2id
dakota18,medium,argon2id
wgarcia,strong,argon2id
christopher53,random,argon2id
gregory52,passphrase,argon2id
donald19,medium,argon2id
mfoster,medium,argon2id
oneillsteven,strong,argon2id
adam41,strong,argon2id
cruzamy,strong,argon2id
cklein,random,argon2id
susansalazar,passphrase,argon2id
jonesjared,passphrase,argon2id
breanna21,weak,argon2id
vsloan,strong,argon2id
lisa93,medium,argon2id
williammaynard,random,argon2id
christian17,random,argon2id
ylewis,random,argon2id
courtney49,random,argon2id
julia05,strong,argon2id
angelagomez,weak,argon2id
scott42,strong,argon2id
jrogers,medium,argon2id
brenda01,strong,argon2id
christopher35,passphrase,argon2id
fitzpatrickmichael,strong,argon2id
adrian74,random,argon2id
keith93,strong,argon2id
emily18,strong,argon2id
keithweber,weak,argon2id
adamscassandra,medium,argon2id
kashley,random,argon2id
abond,passphrase,argon2id
smithvalerie,passphrase,argon2id
melissafrank,passphrase,argon2id
ariana57,passphrase,argon2id
vdavidson,passphrase,argon2id
rchen,medium,argon2id
pleon,passphrase,argon2id
ryan79,medium,argon2id
brianwilson,random,argon2id
stephen23,weak,argon2id
williamskelly,passphrase,argon2id
smoran,passphrase,argon2id
jenniferdaniels,random,argon2id
michael91,medium,argon2id
sharon41,medium,argon2id
rogersrandy,passphrase,argon2id
lisa84,passphrase,argon2id
jenniferschmidt,passphrase,argon2id
allenlee,random,argon2id
mburke,random,argon2id
derek71,weak,argon2id
castilloemily,passphrase,argon2id
dmora,strong,argon2id
james41,strong,argon2id
alexanderhernandez,strong,argon2id
bsexton,passphrase,argon2id
vegaseth,strong,argon2id
tiffanymarsh,strong,argon2id
rodriguezdouglas,random,argon2id
timothy14,weak,argon2id
adamsdrew,weak,argon2id
camposshannon,passphrase,argon2id
rosssharon,random,argon2id
daniel82,medium,argon2id
obrienjeff,strong,argon2id
droach,weak,argon2id
mariopatterson,strong,argon2id
kayleescott,medium,argon2id
kellipetersen,strong,argon2id
kathryn64,medium,argon2id
yellison,random,argon2id
alexcampbell,strong,argon2id
susan72,weak,argon2id
craiganderson,weak,argon2id
pdavenport,random,argon2id
yyoung,medium,argon2id
lriley,passphrase,argon2id
raymondelliott,random,argon2id
kylewilson,passphrase,argon2id
qsmith,strong,argon2id
adamkelley,strong,argon2id
pmercado,strong,argon2id
gouldmartin,strong,argon2id
michael23,weak,argon2id
gonzalezkeith,weak,argon2id
mshields,weak,argon2id
burtonsteven,passphrase,argon2id
paul24,passphrase,argon2id
emaldonado,passphrase,argon2id
mcmillansavannah,random,argon2id
reynoldsamy,strong,argon2id
laura71,passphrase,argon2id
loganwanda,weak,argon2id
wvasquez,passphrase,argon2id
ericclark,weak,argon2id
ellistroy,medium,argon2id
kristina92,random,argon2id
ericflores,medium,argon2id
rwaters,random,argon2id
pamelahaley,weak,argon2id
deanclark,weak,argon2id
richardsonjessica,random,argon2id
thomas86,strong,argon2id
mmartin,medium,argon2id
derrick52,weak,argon2id
drakedominique,weak,argon2id
abigaillevine,passphrase,argon2id
qjones,medium,argon2id
misty86,strong,argon2id
wesleyroberts,medium,argon2id
isaiahreynolds,strong,argon2id
huffmannicholas,passphrase,argon2id
edavidson,random,argon2id
philip23,passphrase,argon2id
lanecathy,random,argon2id
jacobsjim,strong,argon2id
nancyunderwood,random,argon2id
richardgreen,weak,argon2id
nolanjohn,strong,argon2id
jessicamullen,weak,argon2id
alex16,medium,argon2id
christine65,passphrase,argon2id
nhodges,random,argon2id
craig88,passphrase,argon2id
gabriella43,random,argon2id
montoyaseth,weak,argon2id
coletimothy,passphrase,argon2id
xbooth,random,argon2id
sullivantracy,strong,argon2id
walkergregory,medium,argon2id
nicole73,random,argon2id
espinozaamanda,random,argon2id
jonesjennifer,weak,argon2id
fbryant,weak,argon2id
maria36,weak,argon2id
nealpaul,strong,argon2id
rleonard,strong,argon2id
paul51,passphrase,argon2id
stewartkimberly,strong,argon2id
james60,random,argon2id
barkercody,medium,argon2id
thomasjensen,weak,argon2id
cynthia35,medium,argon2id
cortezchelsea,passphrase,argon2id
james08,passphrase,argon2id
hogancarlos,weak,argon2id
sherry50,medium,argon2id
stephenallison,passphrase,argon2id
alec67,weak,argon2id
mcdanielrebecca,passphrase,argon2id
scooper,weak,argon2id
dfaulkner,passphrase,argon2id
lisataylor,weak,argon2id
wchavez,strong,argon2id
stacey54,medium,argon2id
jessicajohnson,random,argon2id
nmclaughlin,medium,argon2id
utucker,medium,argon2id
zjohnson,random,argon2id
paulfitzpatrick,strong,argon2id
nicholas35,passphrase,argon2id
kennedyjames,strong,argon2id
greensarah,strong,argon2id
barajasjames,medium,argon2id
andrew85,random,argon2id
russell95,random,argon2id
karifloyd,weak,argon2id
riveragregory,medium,argon2id
stephaniemay,strong,argon2id
spencerlori,weak,argon2id
velasquezdavid,medium,argon2id
sotojill,random,argon2id
hgeorge,random,argon2id
colleen39,strong,argon2id
benjamin12,strong,argon2id
eric61,weak,argon2id
blake26,strong,argon2id
luis55,strong,argon2id
mchristian,passphrase,argon2id
gcannon,strong,argon2id
alexandra90,strong,argon2id
ashley56,strong,argon2id
dawngarcia,strong,argon2id
melissa14,medium,argon2id
salasjoshua,medium,argon2id
andradevictoria,medium,argon2id
bhale,medium,argon2id
william08,passphrase,argon2id
theresaburch,strong,argon2id
ericmeyer,passphrase,argon2id
wmontoya,weak,argon2id
acowan,medium,argon2id
palmerjose,weak,argon2id
zdiaz,passphrase,argon2id
kathrynpowell,weak,argon2id
mcfarlandmichael,passphrase,argon2id
elizabeth08,random,argon2id
lesliegraves,random,argon2id
susan46,passphrase,argon2id
dbaker,passphrase,argon2id
christina23,passphrase,argon2id
warrendeborah,passphrase,argon2id
lanceavila,medium,argon2id
william93,strong,argon2id
rhondamyers,passphrase,argon2id
marthagreen,strong,argon2id
turnerashley,weak,argon2id
hickskrista,passphrase,argon2id
jessicajohnson,passphrase,argon2id
hglass,strong,argon2id
khamilton,passphrase,argon2id
lmoore,strong,argon2id
xromero,weak,argon2id
moraleskimberly,passphrase,argon2id
bennettandrew,medium,argon2id
gdavis,passphrase,argon2id
kelseysmith,strong,argon2id
williamsveronica,passphrase,argon2id
elong,random,argon2id
lgonzalez,weak,argon2id
ccarpenter,medium,argon2id
dianastevens,passphrase,argon2id
natashashelton,medium,argon2id
evanscourtney,passphrase,argon2id
qjackson,weak,argon2id
sheila80,random,argon2id
cindyburnett,passphrase,argon2id
nallen,medium,argon2id
xandrews,medium,argon2id
stevenreed,passphrase,argon2id
sbenton,weak,argon2id
diazpatrick,random,argon2id
cdavis,weak,argon2id
fatkins,random,argon2id
tyronemcfarland,weak,argon2id
rodriguezdanielle,medium,argon2id
mwilkins,weak,argon2id
barrycook,weak,argon2id
michaelcastro,random,argon2id
jwhite,strong,argon2id
nelsonjeremy,strong,argon2id
stevensstephen,passphrase,argon2id
usharp,weak,argon2id
hillwilliam,weak,argon2id
wpetty,strong,argon2id
rhodesjames,passphrase,argon2id
jennifercampbell,strong,argon2id
bryananderson,random,argon2id
chasejason,weak,argon2id
nguyenkaren,passphrase,argon2id
peggysmith,weak,argon2id
hsmith,strong,argon2id
uallen,passphrase,argon2id
hayesalison,random,argon2id
mahoneymary,passphrase,argon2id
pachecovincent,strong,argon2id
katherinevaldez,passphrase,argon2id
tbryant,random,argon2id
hallbrad,medium,argon2id
brettschmitt,random,argon2id
matthew06,random,argon2id
adamscynthia,passphrase,argon2id
colejames,random,argon2id
tamarahudson,random,argon2id
esimpson,random,argon2id
angela48,weak,argon2id
popejoseph,strong,argon2id
josephroberts,passphrase,argon2id
hutchinsonrobert,medium,argon2id
joshuacole,passphrase,argon2id
rachel12,weak,argon2id
dwayne02,random,argon2id
sarahjohnson,strong,argon2id
kbenjamin,random,argon2id
